City,Cloudiness,Country,Date,Humidity,Lat,Lng,Max Temp,Wind Speed,date
Cherskiy,100,RU,1611861133,85,68.75,161.3,-26.9,2.8,2021-01-28 19:12:13
Raudeberg,100,NO,1611861133,76,61.9875,5.1352,33.01,21.23,2021-01-28 19:12:13
São José da Coroa Grande,22,BR,1611861133,71,-8.8978,-35.1478,81.45,10.33,2021-01-28 19:12:13
Mataura,92,NZ,1611860640,81,-46.1927,168.8643,48.0,7.0,2021-01-28 19:04:00
Hilo,90,US,1611860710,78,19.7297,-155.09,69.8,9.22,2021-01-28 19:05:10
New Norfolk,99,AU,1611861134,57,-42.7826,147.0587,57.99,3.0,2021-01-28 19:12:14
Westport,1,US,1611861035,43,41.1415,-73.3579,32.0,20.71,2021-01-28 19:10:35
Kapaa,40,US,1611860636,88,22.0752,-159.319,73.4,21.85,2021-01-28 19:03:56
Hermanus,0,ZA,1611861135,77,-34.4187,19.2345,62.01,8.19,2021-01-28 19:12:15
Rikitea,98,PF,1611860628,69,-23.1203,-134.9692,79.18,3.98,2021-01-28 19:03:48
Punta Arenas,75,CL,1611860843,50,-53.15,-70.9167,50.0,27.63,2021-01-28 19:07:23
Ushuaia,75,AR,1611860526,93,-54.8,-68.3,42.8,16.11,2021-01-28 19:02:06
Geraldton,0,AU,1611861136,73,-28.7667,114.6,69.8,12.66,2021-01-28 19:12:16
Butaritari,87,KI,1611861137,79,3.0707,172.7902,81.03,18.77,2021-01-28 19:12:17
Bambous Virieux,40,MU,1611860630,83,-20.3428,57.7575,79.0,4.61,2021-01-28 19:03:50
Tiksi,100,RU,1611861137,88,71.6872,128.8694,-20.45,6.11,2021-01-28 19:12:17
Sangar,50,RU,1611861137,72,63.9242,127.4739,-53.7,3.22,2021-01-28 19:12:17
George Town,20,MY,1611861024,94,5.4112,100.3354,78.8,5.48,2021-01-28 19:10:24
Sanming,0,CN,1611861138,78,26.2486,117.6186,42.76,1.86,2021-01-28 19:12:18
Belleville,20,CA,1611861138,62,44.1788,-77.3705,16.0,13.8,2021-01-28 19:12:18
Den Helder,90,NL,1611861138,93,52.9599,4.7593,37.99,10.36,2021-01-28 19:12:18
Cidreira,100,BR,1611861139,77,-30.1811,-50.2056,76.26,10.27,2021-01-28 19:12:19
Portland,90,US,1611860560,81,45.5234,-122.6762,46.0,4.61,2021-01-28 19:02:40
Cape Town,0,ZA,1611861139,63,-33.9258,18.4232,69.01,9.22,2021-01-28 19:12:19
Vaini,90,TO,1611861139,100,-21.2,-175.2,77.0,21.85,2021-01-28 19:12:19
Vanimo,99,PG,1611861140,82,-2.6741,141.3028,77.95,4.09,2021-01-28 19:12:20
Torbay,90,CA,1611861140,93,47.6666,-52.7314,28.0,10.36,2021-01-28 19:12:20
Albany,18,US,1611860928,48,42.6001,-73.9662,24.01,8.99,2021-01-28 19:08:48
Souillac,40,MU,1611861140,83,-20.5167,57.5167,77.0,4.61,2021-01-28 19:12:20
Lima,0,PE,1611860858,57,-12.0432,-77.0282,78.8,9.22,2021-01-28 19:07:38
Bethel,1,US,1611861141,46,41.3712,-73.414,28.4,16.11,2021-01-28 19:12:21
San Patricio,1,US,1611861141,51,28.017,-97.5169,60.8,5.75,2021-01-28 19:12:21
Hong Kong,12,HK,1611860879,56,22.2855,114.1577,61.0,1.01,2021-01-28 19:07:59
Sabla,0,NG,1611861142,16,12.7525,4.7077,79.52,10.2,2021-01-28 19:12:22
Dikson,75,RU,1611860637,80,73.5069,80.5464,-30.44,5.21,2021-01-28 19:03:57
Zhigansk,58,RU,1611861142,75,66.7697,123.3711,-52.83,4.85,2021-01-28 19:12:22
Vondrozo,49,MG,1611861142,100,-22.8167,47.2833,71.64,1.54,2021-01-28 19:12:22
Atuona,0,PF,1611861143,80,-9.8,-139.0333,78.12,18.19,2021-01-28 19:12:23
Avarua,20,CK,1611861143,74,-21.2078,-159.775,82.4,12.66,2021-01-28 19:12:23
Hithadhoo,100,MV,1611861143,71,-0.6,73.0833,81.73,10.27,2021-01-28 19:12:23
Soc Trang,100,VN,1611861143,94,9.6033,105.98,75.2,2.3,2021-01-28 19:12:23
Salalah,20,OM,1611861144,60,17.0151,54.0924,71.6,3.44,2021-01-28 19:12:24
Tucumcari,1,US,1611860897,25,35.1717,-103.725,50.0,17.27,2021-01-28 19:08:17
Rikitea,92,PF,1611872665,68,-23.1203,-134.9692,79.95,7.87,2021-01-28 22:24:25
Nyon,75,CH,1611872665,100,46.3832,6.2396,48.99,8.05,2021-01-28 22:24:25
Asău,0,RO,1611872665,59,46.4333,26.4,30.2,8.05,2021-01-28 22:24:25
Xinglongshan,0,CN,1611872665,64,43.9561,125.4661,-14.8,6.71,2021-01-28 22:24:25
Albany,26,US,1611872665,52,42.6001,-73.9662,19.0,5.99,2021-01-28 22:24:25
Hobart,90,AU,1611872666,59,-42.8794,147.3294,63.0,11.5,2021-01-28 22:24:26
Vaini,90,TO,1611872666,100,-21.2,-175.2,77.0,25.32,2021-01-28 22:24:26
Talaya,100,RU,1611872666,82,61.3833,152.75,-28.03,4.21,2021-01-28 22:24:26
Ust-Nera,100,RU,1611872666,75,64.5667,143.2,-28.12,1.63,2021-01-28 22:24:26
Portland,90,US,1611872378,76,45.5234,-122.6762,46.99,5.75,2021-01-28 22:19:38
Avarua,58,CK,1611872667,70,-21.2078,-159.775,86.0,16.11,2021-01-28 22:24:27
Ribeira Grande,75,PT,1611872667,88,38.5167,-28.7,64.4,26.46,2021-01-28 22:24:27
Ponta do Sol,20,PT,1611872667,75,32.6667,-17.1,59.0,1.01,2021-01-28 22:24:27
Nikolskoye,75,RU,1611872668,93,59.7035,30.7861,32.0,8.95,2021-01-28 22:24:28
Jamestown,90,US,1611872575,79,42.097,-79.2353,19.0,13.8,2021-01-28 22:22:55
Mar del Plata,75,AR,1611872576,47,-38.0023,-57.5575,80.6,11.5,2021-01-28 22:22:56
Punta Arenas,75,CL,1611872472,66,-53.15,-70.9167,46.4,17.27,2021-01-28 22:21:12
Chapleau,75,CA,1611872668,66,47.8405,-83.4034,6.8,6.91,2021-01-28 22:24:28
Upernavik,34,GL,1611872669,87,72.7868,-56.1549,-12.32,11.41,2021-01-28 22:24:29
Richards Bay,99,ZA,1611872669,87,-28.783,32.0377,69.89,5.3,2021-01-28 22:24:29
Busselton,0,AU,1611872669,96,-33.65,115.3333,60.01,12.28,2021-01-28 22:24:29
Alofi,90,NU,1611872669,94,-19.0595,-169.9187,77.0,12.66,2021-01-28 22:24:29
Carlsbad,1,US,1611872547,34,33.1581,-117.3506,64.99,9.22,2021-01-28 22:22:27
Hermanus,28,ZA,1611872670,74,-34.4187,19.2345,63.0,3.0,2021-01-28 22:24:30
Kamenka,100,RU,1611872670,98,51.3223,42.7678,27.84,8.48,2021-01-28 22:24:30
Barrow,1,US,1611872623,76,71.2906,-156.7887,-14.8,9.22,2021-01-28 22:23:43
Mataura,96,NZ,1611872671,80,-46.1927,168.8643,48.0,8.01,2021-01-28 22:24:31
Thompson,75,CA,1611872671,84,55.7435,-97.8558,-2.2,2.3,2021-01-28 22:24:31
Saint-François,90,FR,1611872671,87,46.4154,3.9054,53.6,4.61,2021-01-28 22:24:31
Atuona,15,PF,1611872671,77,-9.8,-139.0333,78.49,17.85,2021-01-28 22:24:31
Chokurdakh,100,RU,1611872671,88,70.6333,147.9167,-18.13,6.96,2021-01-28 22:24:31
Puerto Ayora,20,EC,1611872672,70,-0.7393,-90.3518,84.2,14.97,2021-01-28 22:24:32
Nanortalik,100,GL,1611872672,92,60.1432,-45.2371,29.79,4.5,2021-01-28 22:24:32
Kaitangata,96,NZ,1611872672,85,-46.2817,169.8464,51.01,8.01,2021-01-28 22:24:32
Cape Town,0,ZA,1611872437,82,-33.9258,18.4232,64.99,5.75,2021-01-28 22:20:37
New Norfolk,96,AU,1611872673,55,-42.7826,147.0587,63.0,3.0,2021-01-28 22:24:33
Bolkhov,100,RU,1611872673,98,53.4433,36.0044,34.57,14.79,2021-01-28 22:24:33
Mazagão,75,BR,1611872673,89,-0.115,-51.2894,80.6,5.75,2021-01-28 22:24:33
Lugovoy,0,KZ,1611872673,83,42.9472,72.7644,18.46,4.07,2021-01-28 22:24:33
Saskylakh,42,RU,1611872674,79,71.9167,114.0833,-41.82,4.34,2021-01-28 22:24:34
Dongsheng,0,CN,1611872674,80,39.8161,109.9776,17.33,18.43,2021-01-28 22:24:34
Airai,100,TL,1611872674,100,-8.9266,125.4092,61.74,4.59,2021-01-28 22:24:34
Sola,90,VU,1611872675,94,-13.8833,167.55,80.6,3.96,2021-01-28 22:24:35
Narsaq,75,GL,1611872675,31,60.9167,-46.05,44.6,33.38,2021-01-28 22:24:35
Ekhabi,92,RU,1611872675,93,53.5102,142.9671,-2.56,7.52,2021-01-28 22:24:35
Frankfort,99,ZA,1611872675,88,-27.2667,28.4833,58.3,8.01,2021-01-28 22:24:35
Bethel,0,US,1611872675,50,41.3712,-73.414,26.01,1.01,2021-01-28 22:24:35
Mogadishu,0,SO,1611872466,80,2.0371,45.3438,77.04,21.27,2021-01-28 22:21:06
Ancud,75,CL,1611872676,72,-41.8697,-73.8203,59.0,4.61,2021-01-28 22:24:36
Araouane,0,ML,1611872676,18,18.9048,-3.5265,70.77,9.33,2021-01-28 22:24:36
Bredasdorp,3,ZA,1611872676,77,-34.5322,20.0403,57.2,3.44,2021-01-28 22:24:36
Kapaa,90,US,1611872676,73,22.0752,-159.319,75.2,17.27,2021-01-28 22:24:36
Devonport,100,AU,1611872677,67,-41.1667,146.35,62.01,4.0,2021-01-28 22:24:37
Caravelas,0,BR,1611872677,81,-17.7125,-39.2481,77.09,6.2,2021-01-28 22:24:37
Lebu,100,CL,1611872677,91,-37.6167,-73.65,58.8,9.75,2021-01-28 22:24:37
Ushuaia,40,AR,1611872677,66,-54.8,-68.3,46.4,20.71,2021-01-28 22:24:37
Boa Vista,40,BR,1611872677,45,2.8197,-60.6733,87.8,13.8,2021-01-28 22:24:37
Am Timan,69,TD,1611872663,19,11.0297,20.2827,75.92,7.43,2021-01-28 22:24:23
Hilo,40,US,1611872597,57,19.7297,-155.09,78.8,5.75,2021-01-28 22:23:17
Port Hedland,0,AU,1611872678,94,-20.3167,118.5667,78.8,6.91,2021-01-28 22:24:38
Kumul,0,CN,1611872679,85,42.8,93.45,18.01,2.55,2021-01-28 22:24:39
Hithadhoo,84,MV,1611872679,71,-0.6,73.0833,81.68,10.51,2021-01-28 22:24:39
Dordrecht,100,NL,1611872679,97,51.81,4.6736,48.0,4.0,2021-01-28 22:24:39
Norman Wells,20,CA,1611872679,75,65.282,-126.8329,-25.6,4.61,2021-01-28 22:24:39
Carnarvon,0,AU,1611872680,83,-24.8667,113.6333,73.4,12.66,2021-01-28 22:24:40
Mugumu,34,TZ,1611872681,73,-1.85,34.7,61.5,3.27,2021-01-28 22:24:41
Khatanga,0,RU,1611872681,75,71.9667,102.5,-40.41,3.58,2021-01-28 22:24:41
Saint-Philippe,0,RE,1611872681,65,-21.3585,55.7679,78.8,6.91,2021-01-28 22:24:41
Ugoofaaru,0,MV,1611872681,58,5.6667,73.0,80.73,8.16,2021-01-28 22:24:41
Mülheim-Kärlich,100,DE,1611872682,99,50.3833,7.5,45.0,7.81,2021-01-28 22:24:42
Walvis Bay,0,NA,1611872682,82,-22.9575,14.5053,66.2,5.75,2021-01-28 22:24:42
Chui,22,UY,1611872682,62,-33.6971,-53.4616,73.29,11.59,2021-01-28 22:24:42
Yellowknife,40,CA,1611872550,69,62.456,-114.3525,-18.0,4.61,2021-01-28 22:22:30
Tuktoyaktuk,1,CA,1611872683,68,69.4541,-133.0374,-31.0,8.05,2021-01-28 22:24:43
Klaksvík,0,FO,1611872683,69,62.2266,-6.589,32.0,10.36,2021-01-28 22:24:43
Kozhva,50,RU,1611872683,86,65.1073,57.0459,-24.79,6.08,2021-01-28 22:24:43
Flinders,100,AU,1611872683,93,-34.5833,150.8552,68.0,1.01,2021-01-28 22:24:43
Nemuro,99,JP,1611872684,93,43.3236,145.575,28.65,22.64,2021-01-28 22:24:44
Husavik,0,IS,1611872684,84,66.0449,-17.3389,-11.2,5.75,2021-01-28 22:24:44
Kabalo,100,CD,1611872684,92,-6.05,26.9167,67.35,1.86,2021-01-28 22:24:44
Katsuura,20,JP,1611872684,62,35.1333,140.3,51.8,37.98,2021-01-28 22:24:44
George Town,20,MY,1611872489,83,5.4112,100.3354,77.0,4.61,2021-01-28 22:21:29
Butaritari,91,KI,1611872685,79,3.0707,172.7902,80.56,17.54,2021-01-28 22:24:45
Rayevskiy,100,RU,1611872685,93,54.0658,54.9468,18.86,7.49,2021-01-28 22:24:45
Bontang,100,ID,1611872685,88,0.1333,117.5,75.34,4.52,2021-01-28 22:24:45
Zhob,0,PK,1611872685,56,31.3411,69.4481,40.01,3.09,2021-01-28 22:24:45
Campbell River,75,CA,1611872686,70,50.0163,-125.2446,42.01,2.3,2021-01-28 22:24:46
São Filipe,0,CV,1611872686,67,14.8961,-24.4956,73.87,4.63,2021-01-28 22:24:46
Bambous Virieux,75,MU,1611872686,88,-20.3428,57.7575,77.0,4.61,2021-01-28 22:24:46
Hong Kong,22,HK,1611872466,57,22.2855,114.1577,60.01,9.93,2021-01-28 22:21:06
Okha,93,RU,1611872687,93,53.5739,142.9478,-2.18,7.45,2021-01-28 22:24:47
Port Macquarie,90,AU,1611872589,100,-31.4333,152.9167,71.6,5.75,2021-01-28 22:23:09
Poya,53,NC,1611872687,70,-21.35,165.15,82.49,5.17,2021-01-28 22:24:47
Provideniya,90,RU,1611872688,72,64.3833,-173.3,10.4,22.37,2021-01-28 22:24:48
Teófilo Otoni,3,BR,1611872688,76,-17.8575,-41.5053,72.55,4.72,2021-01-28 22:24:48
Port Alfred,0,ZA,1611872688,75,-33.5906,26.891,66.99,5.01,2021-01-28 22:24:48
Blackwater,1,AU,1611872688,64,-23.5833,148.8833,77.16,18.43,2021-01-28 22:24:48
Roanoke Rapids,1,US,1611872689,80,36.4615,-77.6542,36.0,4.61,2021-01-28 22:24:49
Kaeo,4,NZ,1611872689,47,-35.1,173.7833,72.0,13.0,2021-01-28 22:24:49
Lashio,0,MM,1611872689,73,22.9333,97.75,50.05,1.59,2021-01-28 22:24:49
Bandarbeyla,0,SO,1611872689,80,9.4942,50.8122,72.68,16.64,2021-01-28 22:24:49
Westport,1,US,1611872690,37,41.1415,-73.3579,30.0,10.36,2021-01-28 22:24:50
Dingle,87,PH,1611872690,90,10.9995,122.6711,71.82,9.48,2021-01-28 22:24:50
Tual,100,ID,1611872690,75,-5.6667,132.75,83.39,16.37,2021-01-28 22:24:50
Mahébourg,75,MU,1611872690,88,-20.4081,57.7,77.0,4.61,2021-01-28 22:24:50
Bluff,100,NZ,1611872691,80,-46.6,168.3333,48.0,8.01,2021-01-28 22:24:51
Vadsø,20,NO,1611872691,63,70.0744,29.7487,19.4,24.16,2021-01-28 22:24:51
Avera,1,US,1611872691,35,33.194,-82.5271,53.6,9.22,2021-01-28 22:24:51
Ahipara,59,NZ,1611872691,63,-35.1667,173.1667,64.62,16.96,2021-01-28 22:24:51
Marsabit,96,KE,1611872691,55,2.3284,37.9899,70.05,8.03,2021-01-28 22:24:51
Tuatapere,96,NZ,1611872692,80,-46.1333,167.6833,48.0,8.01,2021-01-28 22:24:52
Pisco,0,PE,1611872692,47,-13.7,-76.2167,82.4,9.22,2021-01-28 22:24:52
Banfora,1,BF,1611872692,16,10.6333,-4.7667,76.91,3.36,2021-01-28 22:24:52
Pangnirtung,1,CA,1611872692,77,66.1451,-65.7125,-7.6,5.75,2021-01-28 22:24:52
Povenets,100,RU,1611872693,98,62.8487,34.8262,22.46,6.6,2021-01-28 22:24:53
Gobabis,71,NA,1611872693,32,-22.45,18.9667,74.21,8.95,2021-01-28 22:24:53
Hay River,95,CA,1611872693,70,60.8156,-115.7999,-11.2,4.61,2021-01-28 22:24:53
Constitución,94,CL,1611872693,74,-35.3333,-72.4167,64.89,12.48,2021-01-28 22:24:53
Arraial do Cabo,0,BR,1611872694,65,-22.9661,-42.0278,84.2,11.5,2021-01-28 22:24:54
Iwaki,62,JP,1611872648,70,37.05,140.8833,39.0,10.0,2021-01-28 22:24:08
Benguela,23,AO,1611872694,78,-12.5763,13.4055,75.27,4.03,2021-01-28 22:24:54
Nouadhibou,0,MR,1611872641,53,20.931,-17.0347,71.6,9.22,2021-01-28 22:24:01
Necochea,100,AR,1611872695,65,-38.5473,-58.7368,69.01,4.0,2021-01-28 22:24:55
Tyukhtet,100,RU,1611872695,94,56.5389,89.3011,1.02,5.39,2021-01-28 22:24:55
Paignton,100,GB,1611872695,97,50.4357,-3.5679,52.0,11.01,2021-01-28 22:24:55
Banda Aceh,100,ID,1611872695,75,5.5577,95.3222,78.35,9.19,2021-01-28 22:24:55
San Patricio,40,US,1611872695,51,28.017,-97.5169,64.4,12.66,2021-01-28 22:24:55
Huntsville,1,US,1611871851,42,34.7304,-86.5861,41.0,10.36,2021-01-28 22:10:51
Cockburn Town,11,TC,1611872696,71,21.4612,-71.1419,77.45,10.36,2021-01-28 22:24:56
Vardø,20,NO,1611872696,68,70.3705,31.1107,23.0,27.63,2021-01-28 22:24:56
Segezha,100,RU,1611872696,98,63.7415,34.3222,21.54,7.07,2021-01-28 22:24:56
Touros,40,BR,1611872696,74,-5.1989,-35.4608,80.6,13.8,2021-01-28 22:24:56
Wanning,98,CN,1611872698,80,18.8003,110.3967,66.33,10.42,2021-01-28 22:24:58
Fort Nelson,20,CA,1611872698,70,58.8053,-122.7002,-9.4,2.3,2021-01-28 22:24:58
City of San Pedro,40,PH,1611872698,73,14.35,121.0167,77.0,2.3,2021-01-28 22:24:58
Kathmandu,20,NP,1611872636,87,27.7167,85.3167,42.8,2.3,2021-01-28 22:23:56
Nassau,1,US,1611872698,37,40.7507,-73.5829,30.99,16.11,2021-01-28 22:24:58
Grenfell,100,AU,1611872699,79,-33.9,148.1667,65.03,14.58,2021-01-28 22:24:59
Port Lincoln,68,AU,1611872699,84,-34.7333,135.8667,64.27,6.73,2021-01-28 22:24:59
Pevek,28,RU,1611872699,87,69.7008,170.3133,-20.96,2.8,2021-01-28 22:24:59
Geraldton,0,AU,1611872699,49,-28.7667,114.6,73.4,12.66,2021-01-28 22:24:59
Namatanai,96,PG,1611872700,74,-3.6667,152.4333,82.92,5.61,2021-01-28 22:25:00
Cherdyn',89,RU,1611872700,98,60.403,56.4787,15.39,1.88,2021-01-28 22:25:00
Zhangjiakou,0,CN,1611872700,75,40.81,114.8794,14.02,3.22,2021-01-28 22:25:00
Miracema do Tocantins,100,BR,1611872700,84,-9.5618,-48.3967,77.41,1.9,2021-01-28 22:25:00
Sesheke,100,ZM,1611872701,94,-17.4759,24.2968,68.18,5.1,2021-01-28 22:25:01
Maragogi,27,BR,1611872701,79,-9.0122,-35.2225,78.46,7.92,2021-01-28 22:25:01
Souillac,75,MU,1611872701,88,-20.5167,57.5167,77.0,5.75,2021-01-28 22:25:01
Champotón,40,MX,1611872702,78,19.35,-90.7167,80.6,11.5,2021-01-28 22:25:02
Oranjestad,20,AW,1611872492,58,12.524,-70.027,84.2,18.41,2021-01-28 22:21:32
Mier,1,MX,1611872702,23,26.4333,-99.15,71.6,4.61,2021-01-28 22:25:02
Tazovsky,100,RU,1611872702,79,67.4667,78.7,-39.21,11.05,2021-01-28 22:25:02
Tasiilaq,90,GL,1611872703,86,65.6145,-37.6368,26.6,20.71,2021-01-28 22:25:03
Santa Cruz de La Palma,40,ES,1611872703,88,28.6835,-17.7642,66.0,5.75,2021-01-28 22:25:03
Sakakah,0,SA,1611872703,50,29.9697,40.2064,51.8,4.61,2021-01-28 22:25:03
São José da Coroa Grande,25,BR,1611872704,79,-8.8978,-35.1478,78.55,8.43,2021-01-28 22:25:04
East London,12,ZA,1611872571,77,-33.0153,27.9116,68.68,11.14,2021-01-28 22:22:51
Castro,100,BR,1611872410,95,-24.7911,-50.0119,67.28,4.25,2021-01-28 22:20:10
Nome,90,US,1611872704,62,64.5011,-165.4064,14.0,5.75,2021-01-28 22:25:04
Ken Caryl,100,US,1611872705,46,39.5773,-105.1169,50.0,1.99,2021-01-28 22:25:05
Port Hardy,20,CA,1611872705,75,50.6996,-127.4199,42.8,3.44,2021-01-28 22:25:05
Batagay-Alyta,19,RU,1611872705,80,67.8006,130.4114,-40.79,1.63,2021-01-28 22:25:05
Pedersore,75,FI,1611872707,86,63.65,22.6833,23.0,3.44,2021-01-28 22:25:07
Pochutla,75,MX,1611872707,55,15.7432,-96.4661,87.8,11.5,2021-01-28 22:25:07
Nueva Granada,65,CO,1611872707,29,9.8017,-74.393,94.68,6.15,2021-01-28 22:25:07
Praia,0,CV,1611872707,56,14.9215,-23.5087,73.4,13.8,2021-01-28 22:25:07
Brooks,100,CA,1611872643,85,50.5834,-111.8851,10.4,4.61,2021-01-28 22:24:03
Kiryat Gat,3,IL,1611872708,100,31.61,34.7642,53.01,9.08,2021-01-28 22:25:08
Cayenne,90,GF,1611872708,83,4.9333,-52.3333,80.6,4.61,2021-01-28 22:25:08
Ponta Delgada,75,PT,1611872708,94,37.7333,-25.6667,63.0,23.02,2021-01-28 22:25:08
Fort Saint James,40,CA,1611872709,88,54.4333,-124.25,5.41,1.41,2021-01-28 22:25:09
Huarmey,19,PE,1611872709,69,-10.0681,-78.1522,74.82,9.31,2021-01-28 22:25:09
Waipawa,75,NZ,1611872709,72,-41.4122,175.5153,57.2,24.16,2021-01-28 22:25:09
Beloha,13,MG,1611872709,90,-25.1667,45.05,75.9,6.33,2021-01-28 22:25:09
Qaanaaq,0,GL,1611872709,66,77.484,-69.3632,-12.75,10.0,2021-01-28 22:25:09
Mahanoro,2,MG,1611872710,83,-19.9,48.8,77.22,3.44,2021-01-28 22:25:10
Tiksi,99,RU,1611872710,88,71.6872,128.8694,-19.53,6.24,2021-01-28 22:25:10
Egvekinot,93,RU,1611872710,84,66.3167,-179.1667,-18.02,21.03,2021-01-28 22:25:10
Saint George,1,US,1611872455,33,37.1041,-113.5841,55.99,14.97,2021-01-28 22:20:55
Goderich,100,CA,1611872711,68,43.7501,-81.7165,21.2,19.57,2021-01-28 22:25:11
Monrovia,0,LR,1611872596,94,6.3005,-10.7969,77.0,8.52,2021-01-28 22:23:16
Baraya,79,CO,1611872711,55,3.1533,-75.0531,83.88,3.36,2021-01-28 22:25:11
Acaraú,98,BR,1611872711,78,-2.8856,-40.12,80.6,16.51,2021-01-28 22:25:11
Savinka,100,RU,1611872712,96,50.0785,47.0994,26.91,6.6,2021-01-28 22:25:12
Mugur-Aksy,42,RU,1611872712,85,50.35,90.5,4.23,6.91,2021-01-28 22:25:12
Camaçari,40,BR,1611872442,69,-12.6975,-38.3242,82.4,9.22,2021-01-28 22:20:42
Arbazh,97,RU,1611872712,97,57.6804,48.3065,15.73,7.52,2021-01-28 22:25:12
Matara,12,LK,1611872713,86,5.9485,80.5353,76.26,2.35,2021-01-28 22:25:13
Fairbanks,20,US,1611872465,76,64.8378,-147.7164,1.0,1.72,2021-01-28 22:21:05
Petropavlovsk-Kamchatskiy,40,RU,1611872713,79,53.0452,158.6483,15.8,4.47,2021-01-28 22:25:13
Churapcha,97,RU,1611872713,75,62.0025,132.4325,-49.61,1.83,2021-01-28 22:25:13
Nikologory,100,RU,1611872713,98,56.1413,41.9922,27.21,7.83,2021-01-28 22:25:13
Velsk,100,RU,1611872714,98,61.0701,42.0983,20.62,5.61,2021-01-28 22:25:14
Nishihara,75,JP,1611872714,44,26.1842,127.7558,57.2,24.16,2021-01-28 22:25:14
Okhotsk,0,RU,1611872714,78,59.3833,143.3,-13.52,6.02,2021-01-28 22:25:14
Salym,96,RU,1611872714,96,60.0625,71.4789,15.13,7.0,2021-01-28 22:25:14
Mikumi,32,TZ,1611872715,91,-7.4041,36.9831,70.12,2.15,2021-01-28 22:25:15
Statesville,1,US,1611872546,38,35.7826,-80.8873,41.0,6.91,2021-01-28 22:22:26
Bengkulu,99,ID,1611872715,86,-3.8004,102.2655,75.33,8.95,2021-01-28 22:25:15
Kahului,40,US,1611872640,54,20.8947,-156.47,80.6,23.02,2021-01-28 22:24:00
Pacific Grove,75,US,1611872716,82,36.6177,-121.9166,55.4,18.72,2021-01-28 22:25:16
‘Āhuimanu,75,US,1611872716,94,21.4447,-157.8378,77.0,18.41,2021-01-28 22:25:16
Guerrero Negro,0,MX,1611872716,30,27.9769,-114.0611,70.3,9.78,2021-01-28 22:25:16
Yerbogachën,45,RU,1611872716,80,61.2767,108.0108,-42.54,5.3,2021-01-28 22:25:16
Quang Ngai,88,VN,1611872716,86,15.1167,108.8,66.58,4.83,2021-01-28 22:25:16
San Cristobal,20,VE,1611872717,61,7.7669,-72.225,84.2,11.5,2021-01-28 22:25:17
Peleduy,53,RU,1611872717,77,59.6289,112.7406,-40.94,3.6,2021-01-28 22:25:17
Benito Juarez,68,MX,1611872717,30,19.385,-99.165,71.01,5.99,2021-01-28 22:25:17
Alekseyevsk,87,RU,1611872717,80,57.8406,108.3492,-35.43,1.79,2021-01-28 22:25:17
Gayny,96,RU,1611872718,97,60.3071,54.3241,14.95,1.14,2021-01-28 22:25:18
Mount Isa,50,AU,1611872718,39,-20.7333,139.5,86.0,9.22,2021-01-28 22:25:18
Mongo,8,TD,1611872718,18,12.1844,18.693,73.47,8.01,2021-01-28 22:25:18
Kalmunai,100,LK,1611872718,89,7.4167,81.8167,75.58,10.2,2021-01-28 22:25:18
Port Blair,40,IN,1611872719,78,11.6667,92.75,77.0,6.91,2021-01-28 22:25:19
Marawi,100,PH,1611872719,94,7.9986,124.2928,73.99,3.0,2021-01-28 22:25:19
Vanavara,13,RU,1611872719,79,60.34,102.2797,-42.7,4.76,2021-01-28 22:25:19
Umluj,22,SA,1611872644,60,25.0213,37.2685,68.92,6.2,2021-01-28 22:24:04
Talnakh,0,RU,1611872720,73,69.4865,88.3972,-32.69,4.7,2021-01-28 22:25:20
Mount Gambier,40,AU,1611872720,94,-37.8333,140.7667,68.0,5.75,2021-01-28 22:25:20
Sokoni,40,TZ,1611872720,78,-6.4333,39.55,82.4,17.27,2021-01-28 22:25:20
Port Elizabeth,0,ZA,1611872493,88,-33.918,25.5701,60.8,4.61,2021-01-28 22:21:33
Canyon Lake,95,US,1611872720,48,29.8752,-98.2625,55.99,10.0,2021-01-28 22:25:20
Sirajganj,0,BD,1611872721,60,24.45,89.7167,61.29,10.33,2021-01-28 22:25:21
Moerai,92,PF,1611872721,75,-22.4333,-151.3333,81.09,15.61,2021-01-28 22:25:21
Moa,0,CU,1611872721,65,20.6569,-74.9403,77.25,9.4,2021-01-28 22:25:21
Fortuna,90,US,1611872699,100,40.5982,-124.1573,48.99,5.75,2021-01-28 22:24:59
Areosa,75,PT,1611872721,100,41.7178,-8.8571,57.99,10.36,2021-01-28 22:25:21
Brae,66,GB,1611872722,80,60.3964,-1.353,30.2,10.36,2021-01-28 22:25:22
Golden,75,US,1611872722,56,39.7555,-105.2211,50.0,6.91,2021-01-28 22:25:22
Nabire,100,ID,1611872722,91,-3.3667,135.4833,75.76,1.16,2021-01-28 22:25:22
Itarema,98,BR,1611872722,78,-2.9248,-39.9167,80.06,14.85,2021-01-28 22:25:22
Luebo,100,CD,1611872723,95,-5.35,21.4167,70.7,0.83,2021-01-28 22:25:23
Calvinia,0,ZA,1611872723,38,-31.4707,19.776,62.89,3.47,2021-01-28 22:25:23
Sittwe,0,MM,1611872724,72,20.15,92.9,62.76,4.94,2021-01-28 22:25:24
Mendi,98,PG,1611872724,93,-6.1761,143.6513,59.61,1.68,2021-01-28 22:25:24
Codrington,100,AU,1611872724,93,-38.2667,141.9667,66.38,2.91,2021-01-28 22:25:24
Lamu,1,KE,1611872725,83,-2.2717,40.902,78.8,4.61,2021-01-28 22:25:25
Roald,90,NO,1611872725,64,62.5833,6.1333,33.8,14.97,2021-01-28 22:25:25
São Gabriel,99,BR,1611872725,77,-30.3364,-54.32,76.19,11.27,2021-01-28 22:25:25
Nieuw Nickerie,51,SR,1611872725,78,5.95,-56.9833,77.25,9.89,2021-01-28 22:25:25
Torbay,90,CA,1611872726,93,47.6666,-52.7314,26.01,10.36,2021-01-28 22:25:26
Nandi,40,IN,1611872726,100,13.3855,77.6984,64.4,5.75,2021-01-28 22:25:26
Makokou,100,GA,1611872726,89,0.5738,12.8642,72.66,2.08,2021-01-28 22:25:26
Paamiut,100,GL,1611872726,84,61.994,-49.6678,32.59,6.35,2021-01-28 22:25:26
Camacha,90,PT,1611872726,94,33.0833,-16.3333,60.8,3.44,2021-01-28 22:25:26
Saint Paul Harbor,90,US,1611872727,80,57.79,-152.4072,35.6,23.02,2021-01-28 22:25:27
Pilar,75,BR,1611872727,83,-9.5972,-35.9567,78.8,5.75,2021-01-28 22:25:27
Clyde River,20,CA,1611872727,76,70.4692,-68.5914,-20.2,4.61,2021-01-28 22:25:27
Kushmurun,46,KZ,1611872727,94,52.4503,64.6311,12.6,10.16,2021-01-28 22:25:27
Mglin,100,RU,1611872728,99,53.0591,32.8475,30.18,4.61,2021-01-28 22:25:28
Ringebu,40,NO,1611872728,82,61.5167,10.1667,5.18,1.59,2021-01-28 22:25:28
Dunedin,87,NZ,1611872728,70,-45.8742,170.5036,53.01,8.01,2021-01-28 22:25:28
Hof,100,DE,1611872728,99,50.3167,11.9167,32.0,4.0,2021-01-28 22:25:28
Longyearbyen,20,SJ,1611872623,54,78.2186,15.6401,-4.0,23.02,2021-01-28 22:23:43
Leningradskiy,66,RU,1611872729,84,69.3833,178.4167,-20.79,3.06,2021-01-28 22:25:29
Kysyl-Syr,62,RU,1611872729,71,63.8986,122.7617,-53.59,2.66,2021-01-28 22:25:29
Hedaru,7,TZ,1611872730,84,-4.5,37.9,71.58,2.77,2021-01-28 22:25:30
Upata,100,VE,1611872730,63,8.0086,-62.3989,84.99,4.0,2021-01-28 22:25:30
Kapit,100,MY,1611872730,95,2.0167,112.9333,71.89,1.48,2021-01-28 22:25:30
Naze,75,JP,1611872730,54,28.3667,129.4833,53.6,17.27,2021-01-28 22:25:30
Dikson,69,RU,1611872731,79,73.5069,80.5464,-31.4,3.83,2021-01-28 22:25:31
Chumikan,100,RU,1611872731,86,54.7183,135.315,-11.54,10.65,2021-01-28 22:25:31
Mukhen,100,RU,1611872731,87,48.1,136.1,-10.39,3.62,2021-01-28 22:25:31
La Primavera,77,CO,1611872732,39,5.4906,-70.4092,90.55,9.91,2021-01-28 22:25:32
De Aar,0,ZA,1611872732,28,-30.6497,24.0123,71.31,11.63,2021-01-28 22:25:32
Gornopravdinsk,99,RU,1611872732,97,60.05,69.9,15.15,4.56,2021-01-28 22:25:32
Tucuruí,100,BR,1611872732,91,-3.7661,-49.6725,76.69,0.69,2021-01-28 22:25:32
Mossamedes,99,AO,1611872733,74,-15.1961,12.1522,74.37,8.14,2021-01-28 22:25:33
Chimoré,100,BO,1611872733,96,-16.9833,-65.1333,75.33,1.77,2021-01-28 22:25:33
Mataram,75,ID,1611872516,89,-8.5833,116.1167,78.8,11.5,2021-01-28 22:21:56
Anori,89,BR,1611872733,91,-3.7728,-61.6442,79.61,2.24,2021-01-28 22:25:33
Muros,100,ES,1611872734,94,42.7762,-9.0603,57.99,5.99,2021-01-28 22:25:34
Gorontalo,90,ID,1611872734,86,0.5412,123.0595,74.08,4.63,2021-01-28 22:25:34
Ostrovnoy,99,RU,1611872734,90,68.0531,39.5131,2.55,15.26,2021-01-28 22:25:34
Marks,100,RU,1611872734,86,51.7111,46.7486,21.0,1.01,2021-01-28 22:25:34
Saint Anthony,20,US,1611872735,58,45.0205,-93.218,21.99,10.36,2021-01-28 22:25:35
Aitape,52,PG,1611872735,78,-3.1374,142.3475,80.2,3.06,2021-01-28 22:25:35
Salalah,43,OM,1611872735,60,17.0151,54.0924,71.6,2.3,2021-01-28 22:25:35
Hamilton,90,US,1611872736,55,39.1834,-84.5333,30.2,10.36,2021-01-28 22:25:36
Puerto Plata,20,DO,1611872736,78,19.7934,-70.6884,80.6,9.22,2021-01-28 22:25:36
Hasaki,20,JP,1611872736,93,35.7333,140.8333,35.6,5.75,2021-01-28 22:25:36
Saldanha,0,ZA,1611872736,72,-33.0117,17.9442,60.8,4.61,2021-01-28 22:25:36
Eydhafushi,0,MV,1611872736,63,5.1033,73.0708,80.58,10.71,2021-01-28 22:25:36
Mochalishche,0,RU,1611872737,86,56.3306,48.3547,17.6,8.95,2021-01-28 22:25:37
Denpasar,40,ID,1611872737,89,-8.65,115.2167,78.8,1.14,2021-01-28 22:25:37
Nivala,92,FI,1611872737,90,63.9167,24.9667,9.0,1.86,2021-01-28 22:25:37
Mingora,0,PK,1611872737,49,34.7758,72.3625,41.2,6.62,2021-01-28 22:25:37
Cooma,90,AU,1611872738,100,-36.2333,149.1333,53.6,11.5,2021-01-28 22:25:38
Seoul,0,KR,1611872575,44,37.5683,126.9778,14.0,9.22,2021-01-28 22:22:55
Solnechnyy,79,RU,1611872738,85,50.7214,136.6319,-14.42,1.39,2021-01-28 22:25:38
Lavrentiya,100,RU,1611872738,84,65.5833,-171.0,-10.62,12.86,2021-01-28 22:25:38
Buin,90,CL,1611872646,29,-33.7333,-70.75,82.0,6.91,2021-01-28 22:24:06
Morant Bay,20,JM,1611872739,65,17.8815,-76.4093,84.2,3.44,2021-01-28 22:25:39
Bereda,99,ES,1611872739,99,43.2686,-7.5406,55.99,8.99,2021-01-28 22:25:39
Kuching,40,MY,1611872739,100,1.55,110.3333,73.4,4.61,2021-01-28 22:25:39
Saint-Louis,0,SN,1611872739,31,16.3333,-15.0,73.4,10.27,2021-01-28 22:25:39
Sitka,75,US,1611872740,55,57.0531,-135.33,33.8,5.75,2021-01-28 22:25:40
Riyadh,42,SA,1611872581,24,24.6877,46.7219,66.2,8.05,2021-01-28 22:23:01
Cherskiy,87,RU,1611872740,85,68.75,161.3,-29.18,2.55,2021-01-28 22:25:40
Ushibukamachi,100,JP,1611872740,79,32.1906,130.0228,39.0,27.74,2021-01-28 22:25:40
Murray,1,US,1611872740,53,40.6669,-111.888,48.2,19.57,2021-01-28 22:25:40
Faanui,100,PF,1611872741,68,-16.4833,-151.75,81.16,8.66,2021-01-28 22:25:41
Port Keats,99,AU,1611872741,85,-14.25,129.55,80.2,12.08,2021-01-28 22:25:41
Zeya,100,RU,1611872741,83,53.75,127.2667,-23.73,2.26,2021-01-28 22:25:41
Yamada,100,JP,1611872741,78,39.4667,141.95,37.56,15.93,2021-01-28 22:25:41
Port Hawkesbury,90,CA,1611872742,74,45.6169,-61.3485,25.0,5.75,2021-01-28 22:25:42
Zomba,100,MW,1611872742,93,-15.386,35.3188,68.65,2.33,2021-01-28 22:25:42
Banes,20,CU,1611872742,47,20.9625,-75.7186,82.4,14.97,2021-01-28 22:25:42
Iralaya,75,HN,1611872742,74,15.0,-83.2333,82.4,10.36,2021-01-28 22:25:42
Hofn,75,IS,1611872743,69,64.2539,-15.2082,30.2,4.61,2021-01-28 22:25:43
Iqaluit,1,CA,1611872489,70,63.7506,-68.5145,-11.2,25.32,2021-01-28 22:21:29
St. George's,40,GD,1611872743,74,12.0564,-61.7485,80.6,16.11,2021-01-28 22:25:43
Jijiga,0,ET,1611872743,51,9.35,42.8,57.81,3.6,2021-01-28 22:25:43
Cukai,100,MY,1611872744,94,4.25,103.4167,75.2,2.3,2021-01-28 22:25:44
Vila Velha,0,BR,1611872744,78,-20.3297,-40.2925,80.6,18.41,2021-01-28 22:25:44
Gazli,0,UZ,1611872744,77,40.1333,63.45,36.05,12.97,2021-01-28 22:25:44
Tucdao,95,PH,1611872744,76,11.7011,124.4719,77.11,14.97,2021-01-28 22:25:44
Williamsport,1,US,1611872745,33,41.2412,-77.0011,26.6,16.11,2021-01-28 22:25:45
Mikhaylovsk,40,RU,1611872745,81,45.1283,42.0256,37.4,8.95,2021-01-28 22:25:45
Manzhouli,71,CN,1611872745,83,49.6,117.4333,-16.83,3.58,2021-01-28 22:25:45
Morón,0,AR,1611872745,51,-34.6534,-58.6198,82.99,11.41,2021-01-28 22:25:45
Havre-St-Pierre,1,CA,1611872745,85,50.2334,-63.5986,6.8,2.3,2021-01-28 22:25:45
Ilovlya,90,RU,1611872746,100,49.3033,43.9796,28.4,13.42,2021-01-28 22:25:46
Kutum,64,SD,1611872746,24,14.2,24.6667,60.03,12.12,2021-01-28 22:25:46
Broome,75,US,1611872746,62,42.2506,-75.833,14.0,17.27,2021-01-28 22:25:46
Sidi Ali,25,DZ,1611872746,78,36.0998,0.4206,58.41,3.98,2021-01-28 22:25:46
Jutaí,98,BR,1611872747,88,-5.1833,-68.9,81.99,1.07,2021-01-28 22:25:47
Lumeje,100,AO,1611872747,91,-11.55,20.7833,66.97,7.61,2021-01-28 22:25:47
Panguipulli,90,CL,1611872747,94,-39.6333,-72.3333,59.0,3.44,2021-01-28 22:25:47
Wilmington,1,US,1611872176,45,34.2257,-77.9447,44.6,26.46,2021-01-28 22:16:16
Severo-Kuril'sk,66,RU,1611872747,92,50.6789,156.125,27.18,7.67,2021-01-28 22:25:47
Manokwari,100,ID,1611872748,79,-0.8667,134.0833,78.53,10.36,2021-01-28 22:25:48
Pililla,40,PH,1611872748,73,14.4854,121.3062,77.0,2.3,2021-01-28 22:25:48
Half Moon Bay,90,US,1611872749,82,37.4636,-122.4286,55.0,8.05,2021-01-28 22:25:49
Sălciile,52,RO,1611872750,100,44.8167,26.4833,28.99,4.61,2021-01-28 22:25:50
Zhezkazgan,0,KZ,1611872750,93,47.8043,67.7144,11.53,7.7,2021-01-28 22:25:50
Labuhan,100,ID,1611872750,87,-6.8844,112.2051,77.45,13.51,2021-01-28 22:25:50
Naīgarhi,40,IN,1611872750,56,24.7833,81.7833,49.68,5.17,2021-01-28 22:25:50
Kempele,0,FI,1611872751,92,64.9131,25.5034,18.0,3.44,2021-01-28 22:25:51
Meulaboh,100,ID,1611872751,88,4.1363,96.1285,75.34,5.68,2021-01-28 22:25:51
Olafsvik,64,IS,1611872751,87,64.8945,-23.7142,28.96,3.49,2021-01-28 22:25:51
Karonga,78,MW,1611872751,79,-9.9333,33.9333,74.59,4.52,2021-01-28 22:25:51
Kavieng,48,PG,1611872752,73,-2.5744,150.7967,83.95,8.66,2021-01-28 22:25:52
Magadan,18,RU,1611872752,76,59.5667,150.8,-17.1,9.64,2021-01-28 22:25:52
Kasiri,28,SL,1611872752,80,8.9412,-13.1148,77.13,7.18,2021-01-28 22:25:52
Lilongwe,84,MW,1611872752,79,-13.9669,33.7873,69.93,2.91,2021-01-28 22:25:52
Shimoda,12,JP,1611872752,64,34.6667,138.95,36.0,1.99,2021-01-28 22:25:52
Aloleng,40,PH,1611872753,73,16.1307,119.7824,75.61,12.24,2021-01-28 22:25:53
Neuquén,0,AR,1611872753,33,-38.9516,-68.0591,73.4,10.36,2021-01-28 22:25:53
Lompoc,90,US,1611872689,87,34.6391,-120.4579,51.8,6.91,2021-01-28 22:24:49
Berdigestyakh,100,RU,1611872754,79,62.0989,126.6992,-43.02,1.19,2021-01-28 22:25:54
Aranos,75,NA,1611872754,23,-24.1333,19.1167,79.47,8.28,2021-01-28 22:25:54
Sabang,100,ID,1611872754,72,5.8933,95.3214,81.99,15.35,2021-01-28 22:25:54
Krasnorechenskiy,100,RU,1611872755,90,44.6265,135.3532,1.36,10.71,2021-01-28 22:25:55
Takoradze,32,GH,1611872755,85,4.8845,-1.7554,78.93,7.94,2021-01-28 22:25:55
Tottori-shi,75,JP,1611872756,64,35.5,134.2333,32.0,21.85,2021-01-28 22:25:56
Coyhaique,75,CL,1611872756,54,-45.5752,-72.0662,53.6,6.91,2021-01-28 22:25:56
Lagoa,100,PT,1611872756,86,39.05,-27.9833,63.14,34.63,2021-01-28 22:25:56
Ossora,98,RU,1611872756,84,59.2353,163.0719,0.3,3.62,2021-01-28 22:25:56
Buala,100,SB,1611872756,82,-8.145,159.5921,81.77,14.41,2021-01-28 22:25:56
Lufkin,1,US,1611872479,44,31.3382,-94.7291,55.4,4.61,2021-01-28 22:21:19
Gaza,6,PS,1611872757,100,31.5,34.4667,52.0,11.59,2021-01-28 22:25:57
Adrar,0,MR,1611872757,25,20.5022,-10.0711,67.78,10.25,2021-01-28 22:25:57
Wundanyi,0,KE,1611872757,94,-3.4019,38.364,62.67,2.8,2021-01-28 22:25:57
Srednekolymsk,100,RU,1611872758,87,67.45,153.6833,-17.59,8.61,2021-01-28 22:25:58
Trairi,98,BR,1611872758,76,-3.2778,-39.2689,79.97,10.76,2021-01-28 22:25:58
Carrboro,16,US,1611872758,58,35.9101,-79.0753,37.0,10.63,2021-01-28 22:25:58
Nuevo Progreso,54,MX,1611872759,44,23.1667,-97.95,71.01,5.01,2021-01-28 22:25:59
Kamiiso,75,JP,1611872759,93,41.8167,140.65,33.8,13.8,2021-01-28 22:25:59
Uyemskiy,90,RU,1611872759,85,64.4743,40.8524,5.0,11.18,2021-01-28 22:25:59
Pombas,20,CV,1611872760,73,17.1503,-25.0201,71.6,19.57,2021-01-28 22:26:00
Kloulklubed,90,PW,1611872760,94,7.0419,134.2556,77.0,9.22,2021-01-28 22:26:00
Luján,100,AR,1611872760,56,-34.5703,-59.105,81.0,1.99,2021-01-28 22:26:00
Iskateley,0,RU,1611872760,83,67.6803,53.1512,-31.29,7.49,2021-01-28 22:26:00
Hambantota,67,LK,1611872761,86,6.1241,81.1185,76.06,4.0,2021-01-28 22:26:01
Zabid,0,YE,1611872761,64,14.1951,43.3152,72.7,0.92,2021-01-28 22:26:01
Deloraine,100,AU,1611872761,74,-41.5333,146.6667,60.01,5.41,2021-01-28 22:26:01
Mehamn,0,NO,1611872761,68,71.0357,27.8492,21.2,25.32,2021-01-28 22:26:01
Shache,0,CN,1611872762,85,38.4167,77.2406,20.62,1.59,2021-01-28 22:26:02
Duma,0,CN,1611872762,79,34.7653,108.135,19.4,2.24,2021-01-28 22:26:02
San Policarpo,92,PH,1611872763,76,12.1791,125.5072,78.91,13.91,2021-01-28 22:26:03
Bayir,0,TR,1611872763,100,37.2687,28.2167,32.0,5.75,2021-01-28 22:26:03
Stryn,0,NO,1611872763,74,61.9045,6.7226,24.8,6.91,2021-01-28 22:26:03
Lüderitz,0,NA,1611872608,47,-26.6481,15.1594,70.68,24.65,2021-01-28 22:23:28
Dhidhdhoo,0,MV,1611872764,57,6.8833,73.1,80.92,5.08,2021-01-28 22:26:04
Penzance,75,GB,1611872764,100,50.1186,-5.5371,50.0,20.71,2021-01-28 22:26:04
Xining,64,CN,1611872764,69,36.6167,101.7667,12.9,2.82,2021-01-28 22:26:04
Flagstaff,1,US,1611872764,48,35.1981,-111.6513,44.01,8.05,2021-01-28 22:26:04
Faya,0,SA,1611872764,46,18.3851,42.4509,53.6,3.76,2021-01-28 22:26:04
Ozerne,100,UA,1611872765,95,50.1782,28.7338,26.1,12.48,2021-01-28 22:26:05
Lata,77,PT,1611872765,93,40.1629,-8.3327,57.0,1.34,2021-01-28 22:26:05
Hohhot,0,CN,1611872765,66,40.8106,111.6522,1.4,4.47,2021-01-28 22:26:05
Esperance,24,AU,1611872765,88,-33.8667,121.9,57.2,3.44,2021-01-28 22:26:05
Djambala,55,CG,1611872766,85,-2.5447,14.7533,68.54,0.92,2021-01-28 22:26:06
Kirakira,100,SB,1611872766,80,-10.4544,161.9205,82.62,13.2,2021-01-28 22:26:06
Qasigiannguit,0,GL,1611872766,56,68.8193,-51.1922,8.6,11.5,2021-01-28 22:26:06
Pangody,100,RU,1611872766,84,65.85,74.4859,-30.32,10.22,2021-01-28 22:26:06
Conceição da Barra,0,BR,1611872757,79,-18.5933,-39.7322,77.11,6.46,2021-01-28 22:25:57
Kaminokawa,75,JP,1611872767,100,36.4333,139.9167,43.0,2.3,2021-01-28 22:26:07
Yakeshi,100,CN,1611872767,83,49.2833,120.7333,-29.49,3.44,2021-01-28 22:26:07
Belmonte,20,BR,1611872767,69,-15.8631,-38.8828,78.8,10.36,2021-01-28 22:26:07
Matamoros,75,MX,1611872767,25,25.5333,-103.25,75.2,12.93,2021-01-28 22:26:07
Praia,0,CV,1611872730,56,14.9215,-23.5087,73.4,13.8,2021-01-28 22:25:30
Sibolga,100,ID,1611872768,72,1.7427,98.7792,74.86,4.05,2021-01-28 22:26:08
Auki,100,SB,1611872768,85,-8.7676,160.7034,81.14,16.37,2021-01-28 22:26:08
River Falls,40,US,1611872768,53,44.8614,-92.6238,21.2,9.22,2021-01-28 22:26:08
Wanaka,18,NZ,1611872563,48,-44.7,169.15,55.99,3.0,2021-01-28 22:22:43
Mengcheng,0,CN,1611872769,86,33.2579,116.5655,31.46,7.49,2021-01-28 22:26:09
Eureka,99,US,1611872597,79,40.8021,-124.1637,50.0,1.99,2021-01-28 22:23:17
Caborca,46,MX,1611872769,22,30.5838,-111.101,71.58,16.44,2021-01-28 22:26:09
Pirenópolis,20,BR,1611872770,57,-15.8525,-48.9592,75.2,6.91,2021-01-28 22:26:10
Piste,63,MX,1611872770,62,20.7,-88.5833,82.51,7.83,2021-01-28 22:26:10
Răcăciuni,0,RO,1611872770,59,46.3333,26.9833,30.2,8.05,2021-01-28 22:26:10
Deputatsky,83,RU,1611872770,80,69.3,139.9,-39.28,3.47,2021-01-28 22:26:10
Genhe,60,CN,1611872770,82,50.7833,121.5167,-30.93,1.41,2021-01-28 22:26:10
Aktobe,0,KZ,1611872771,79,50.2797,57.2072,12.2,4.47,2021-01-28 22:26:11
Riberalta,100,BO,1611872771,83,-10.9833,-66.1,78.04,2.44,2021-01-28 22:26:11
Diamantino,33,BR,1611872771,78,-14.4086,-56.4461,79.02,2.15,2021-01-28 22:26:11
Kudahuvadhoo,30,MV,1611872771,80,2.6708,72.8944,80.22,14.74,2021-01-28 22:26:11
San Quintín,88,MX,1611872772,53,30.4833,-115.95,61.75,9.44,2021-01-28 22:26:12
Doda,0,IN,1611872772,53,33.1333,75.5667,41.38,4.68,2021-01-28 22:26:12
Ploemeur,90,FR,1611872772,94,47.7333,-3.4333,53.6,23.02,2021-01-28 22:26:12
Kota Bharu,20,MY,1611872773,94,6.1333,102.2386,75.0,1.14,2021-01-28 22:26:13
Mackenzie,1,CA,1611872773,60,55.2999,-123.1698,-0.4,5.75,2021-01-28 22:26:13
Praia da Vitória,75,PT,1611872773,82,38.7333,-27.0667,66.2,36.24,2021-01-28 22:26:13
Ternate,99,ID,1611872773,79,0.8,127.4,79.16,9.04,2021-01-28 22:26:13
Soe,100,ID,1611872773,98,-9.8607,124.284,67.8,3.83,2021-01-28 22:26:13
Santa Rosalía,15,MX,1611872774,45,27.3167,-112.2833,62.82,4.12,2021-01-28 22:26:14
Hue,75,VN,1611872774,94,16.4667,107.6,66.2,2.3,2021-01-28 22:26:14
Bagotville,63,AU,1611872774,65,-28.9833,153.4167,78.8,10.36,2021-01-28 22:26:14
Boende,71,CD,1611872774,93,-0.2167,20.8667,71.42,1.88,2021-01-28 22:26:14
Cidreira,100,BR,1611872756,91,-30.1811,-50.2056,72.95,12.62,2021-01-28 22:25:56
Qinzhou,37,CN,1611872775,42,21.95,108.6167,57.97,7.36,2021-01-28 22:26:15
Henties Bay,20,NA,1611872775,80,-22.116,14.2845,65.39,5.39,2021-01-28 22:26:15
Songkhla,20,TH,1611872775,100,6.8333,100.6667,75.2,4.47,2021-01-28 22:26:15
Mogocha,95,RU,1611872776,82,53.7333,119.7667,-28.66,1.88,2021-01-28 22:26:16
Harper,29,LR,1611872776,87,4.375,-7.7169,77.85,4.74,2021-01-28 22:26:16
Russell,1,US,1611872776,35,32.3502,-85.1999,53.6,13.8,2021-01-28 22:26:16
Marystown,73,CA,1611872764,88,47.1666,-55.1483,24.96,9.19,2021-01-28 22:26:04
Tigil',99,RU,1611872777,90,57.8,158.6667,-14.04,3.36,2021-01-28 22:26:17
Atambua,100,ID,1611872777,90,-9.1061,124.8925,74.98,7.43,2021-01-28 22:26:17
Los Lunas,90,US,1611872777,33,34.8062,-106.7334,42.8,3.44,2021-01-28 22:26:17
Yei,83,SS,1611872777,34,4.095,30.6779,77.02,2.1,2021-01-28 22:26:17
Qaqortoq,75,GL,1611872777,31,60.7167,-46.0333,44.6,33.38,2021-01-28 22:26:17
Provincia di Verona,75,IT,1611872587,75,45.4167,11.0333,35.01,2.3,2021-01-28 22:23:07
Tura,0,IN,1611872778,64,25.5198,90.2201,56.82,2.77,2021-01-28 22:26:18
Taoudenni,0,ML,1611872778,24,22.6783,-3.9836,69.85,17.76,2021-01-28 22:26:18
Tsybuliv,100,UA,1611872778,98,49.0766,29.8461,25.86,14.29,2021-01-28 22:26:18
Enshi,0,CN,1611872779,79,30.3,109.4833,39.99,0.16,2021-01-28 22:26:19
Srīsailain,32,IN,1611872581,94,16.0833,78.8667,63.88,3.44,2021-01-28 22:23:01
Zaterechnyy,77,RU,1611872779,89,44.7931,45.2097,40.24,10.31,2021-01-28 22:26:19
Nordfjordeid,0,NO,1611872779,74,61.9063,5.9915,24.8,6.91,2021-01-28 22:26:19
Alice Springs,92,AU,1611872780,44,-23.7,133.8833,82.0,5.75,2021-01-28 22:26:20
Bacolod City,76,PH,1611872780,81,10.6667,122.95,74.62,12.5,2021-01-28 22:26:20
Kotma,78,IN,1611872780,44,23.2,81.9667,60.53,5.93,2021-01-28 22:26:20
Zyryanka,100,RU,1611872780,86,65.75,150.85,-23.01,11.12,2021-01-28 22:26:20
Omboué,93,GA,1611872781,86,-1.5746,9.2618,77.31,4.68,2021-01-28 22:26:21
Athens,0,GR,1611872035,64,37.9795,23.7162,43.0,1.68,2021-01-28 22:13:55
Akhtubinsk,100,RU,1611872781,94,48.2795,46.1722,30.85,7.36,2021-01-28 22:26:21
Kropotkin,99,RU,1611872781,80,45.4375,40.5756,37.29,8.93,2021-01-28 22:26:21
Tiznit Province,0,MA,1611872781,41,29.5833,-9.5,64.18,1.99,2021-01-28 22:26:21
Princes Town,20,TT,1611872782,51,10.2667,-61.3833,84.2,11.5,2021-01-28 22:26:22
Morrisburg,90,CA,1611872680,61,44.9001,-75.1826,10.4,12.66,2021-01-28 22:24:40
Āsosa,0,ET,1611872782,28,10.0667,34.5333,69.03,5.84,2021-01-28 22:26:22
Beyneu,100,KZ,1611872782,68,45.3167,55.2,38.25,24.83,2021-01-28 22:26:22
Road Town,20,VG,1611872783,61,18.4167,-64.6167,80.6,6.91,2021-01-28 22:26:23
Mānsa,0,IN,1611872783,54,29.9833,75.3833,44.22,1.52,2021-01-28 22:26:23
Cheremshan,100,RU,1611872783,96,54.6667,51.5,19.81,12.06,2021-01-28 22:26:23
Yangi Marg`ilon,0,UZ,1611872784,59,40.4272,71.7189,30.2,6.91,2021-01-28 22:26:24
West Monroe,1,US,1611872784,61,32.5185,-92.1476,46.99,10.36,2021-01-28 22:26:24
Payakumbuh,100,ID,1611872784,89,-0.2202,100.6308,69.66,1.23,2021-01-28 22:26:24
Cabo San Lucas,20,MX,1611872784,35,22.8909,-109.9124,78.8,9.22,2021-01-28 22:26:24
High Level,20,CA,1611872785,71,58.5169,-117.136,-7.6,6.91,2021-01-28 22:26:25
Erciş,75,TR,1611872785,87,39.0287,43.3586,35.6,17.27,2021-01-28 22:26:25
Chute-aux-Outardes,90,CA,1611872785,63,49.1168,-68.399,19.4,6.91,2021-01-28 22:26:25
Marsá Maţrūḩ,40,EG,1611872785,93,31.3525,27.2453,50.0,20.71,2021-01-28 22:26:25
Lagos,0,NG,1611872743,82,6.5833,3.75,79.52,5.61,2021-01-28 22:25:43
North Platte,1,US,1611872786,79,41.1239,-100.7654,21.2,8.05,2021-01-28 22:26:26
San Jose,90,US,1611872739,87,37.3394,-121.895,52.0,9.22,2021-01-28 22:25:39
Antalaha,13,MG,1611872786,83,-14.9003,50.2788,76.77,1.48,2021-01-28 22:26:26
Aklavik,20,CA,1611872786,75,68.2191,-135.0107,-25.6,6.91,2021-01-28 22:26:26
Bijapur,22,IN,1611872787,54,16.8333,75.7,67.86,12.73,2021-01-28 22:26:27
Morehead,1,US,1611872787,43,37.2711,-87.1764,33.01,3.44,2021-01-28 22:26:27
Tilichiki,99,RU,1611872787,93,60.4667,166.1,-2.0,8.5,2021-01-28 22:26:27
Rincon,20,US,1611872677,38,32.296,-81.2354,55.4,12.66,2021-01-28 22:24:37
Vanimo,71,PG,1611872788,82,-2.6741,141.3028,79.29,3.27,2021-01-28 22:26:28
Kalabo,89,ZM,1611872788,94,-14.97,22.6814,65.43,5.82,2021-01-28 22:26:28
Aasiaat,0,GL,1611872788,87,68.7098,-52.8699,6.64,10.31,2021-01-28 22:26:28
Suntar,100,RU,1611872789,78,62.1444,117.6319,-44.61,3.96,2021-01-28 22:26:29
Mweka,100,CD,1611872789,98,-4.85,21.5667,67.93,1.19,2021-01-28 22:26:29
Faxinal,100,BR,1611872789,98,-24.0003,-51.3194,69.19,1.59,2021-01-28 22:26:29
Kaseda-shirakame,75,JP,1611872789,80,31.4167,130.3167,33.8,14.97,2021-01-28 22:26:29
Ca Mau,43,VN,1611872790,79,9.1769,105.15,73.54,7.29,2021-01-28 22:26:30
Belyy Yar,0,RU,1611872790,59,53.6039,91.3903,26.6,13.42,2021-01-28 22:26:30
Krasnohrad,80,UA,1611872790,95,49.3814,35.4402,30.67,20.29,2021-01-28 22:26:30
Kruisfontein,0,ZA,1611872790,85,-34.0033,24.7314,60.01,1.99,2021-01-28 22:26:30
Voh,33,NC,1611872790,68,-20.9667,164.7,82.96,4.94,2021-01-28 22:26:30
Bowen,40,AU,1611872791,83,-20.0167,148.2333,78.8,11.5,2021-01-28 22:26:31
Bogen,100,DE,1611872791,10,48.9112,12.6896,41.0,10.0,2021-01-28 22:26:31
Lorengau,99,PG,1611872791,77,-2.0226,147.2712,82.76,6.6,2021-01-28 22:26:31
Bahía Blanca,83,AR,1611872791,15,-38.7196,-62.2724,82.87,11.77,2021-01-28 22:26:31
Ilulissat,0,GL,1611872792,56,69.2167,-51.1,8.6,11.5,2021-01-28 22:26:32
Yulara,75,AU,1611872792,45,-25.2406,130.9889,84.2,9.22,2021-01-28 22:26:32
Boyabat,100,TR,1611872792,86,41.4689,34.7667,34.39,1.16,2021-01-28 22:26:32
Grindavik,40,IS,1611872792,58,63.8424,-22.4338,24.8,5.75,2021-01-28 22:26:32
Sung Noen,57,TH,1611872793,70,14.8992,101.8207,65.46,6.26,2021-01-28 22:26:33
Key Largo,0,US,1611872602,63,25.0865,-80.4473,72.0,24.87,2021-01-28 22:23:22
Laas,90,IT,1611872793,93,46.6166,10.7002,32.0,3.44,2021-01-28 22:26:33
Viedma,79,AR,1611872793,17,-40.8135,-62.9967,78.89,8.7,2021-01-28 22:26:33
Winnemucca,90,US,1611872558,60,40.973,-117.7357,41.0,9.22,2021-01-28 22:22:38
Forsytheganj,99,BY,1611872794,98,52.6333,29.7333,27.21,8.48,2021-01-28 22:26:34
Colares,85,PT,1611872794,100,38.7992,-9.4469,57.0,5.12,2021-01-28 22:26:34
Departamento de Maldonado,75,UY,1611872794,54,-34.6667,-54.9167,82.4,4.61,2021-01-28 22:26:34
Sungurlu,72,TR,1611872794,89,40.1675,34.3739,30.34,3.15,2021-01-28 22:26:34
Kidal,0,ML,1611872795,22,18.4411,1.4078,67.64,11.65,2021-01-28 22:26:35
Polunochnoye,25,RU,1611872795,95,60.8697,60.4153,14.88,4.81,2021-01-28 22:26:35
Shīeli,0,KZ,1611872795,89,44.1667,66.75,27.07,5.7,2021-01-28 22:26:35
Saint-Ambroise,100,CA,1611872795,92,48.5501,-71.3324,10.0,11.5,2021-01-28 22:26:35
Polewali,100,ID,1611872795,77,-3.4324,119.3435,77.0,2.1,2021-01-28 22:26:35
Kuytun,74,RU,1611872796,83,54.3419,101.5036,-31.92,3.31,2021-01-28 22:26:36
Zharkovskiy,99,RU,1611872796,99,55.849,32.2697,27.32,2.53,2021-01-28 22:26:36
Uyar,100,RU,1611872796,88,55.81,94.3153,-18.72,8.75,2021-01-28 22:26:36
Premià de Mar,99,ES,1611872796,85,41.4921,2.3652,55.0,1.48,2021-01-28 22:26:36
Laguna,90,US,1611872796,87,38.421,-121.4238,51.01,6.91,2021-01-28 22:26:36
Emerald,75,AU,1611872663,69,-23.5333,148.1667,77.0,9.22,2021-01-28 22:24:23
La Paz,16,BO,1611872508,34,-16.5,-68.15,59.4,4.16,2021-01-28 22:21:48
Erenhot,12,CN,1611872797,88,43.6475,111.9767,7.5,10.76,2021-01-28 22:26:37
Porto-Novo,20,BJ,1611872797,84,6.4965,2.6036,84.2,11.5,2021-01-28 22:26:37
Bathsheba,40,BB,1611872797,65,13.2167,-59.5167,80.6,14.97,2021-01-28 22:26:37
Hunucmá,90,MX,1611872778,73,21.0167,-89.8667,77.0,9.22,2021-01-28 22:26:18
Linhares,2,BR,1611872798,78,-19.3911,-40.0722,75.6,6.76,2021-01-28 22:26:38
Teknāf,4,BD,1611872798,71,20.8624,92.3058,59.83,3.31,2021-01-28 22:26:38
Bartica,20,GY,1611872798,74,6.4,-58.6167,80.6,11.5,2021-01-28 22:26:38
Sisimiut,0,GL,1611872799,79,66.9395,-53.6735,9.66,10.65,2021-01-28 22:26:39
Nyurba,100,RU,1611872799,77,63.2842,118.3319,-46.95,2.93,2021-01-28 22:26:39
Nyírtelek,100,HU,1611872799,86,48.0167,21.6333,32.0,12.66,2021-01-28 22:26:39
Amga,100,RU,1611872800,79,60.8953,131.9608,-38.27,1.66,2021-01-28 22:26:40
Svetlaya,100,RU,1611872800,94,46.5389,138.3297,10.44,20.38,2021-01-28 22:26:40
Mujiayingzi,0,CN,1611872800,82,42.1167,118.7833,-6.14,4.72,2021-01-28 22:26:40
Kodinsk,15,RU,1611872801,80,58.6881,99.1844,-36.67,2.42,2021-01-28 22:26:41
Astoria,90,US,1611872756,81,46.1879,-123.8313,48.99,8.05,2021-01-28 22:25:56
Galle,1,LK,1611872801,84,6.0367,80.217,77.22,1.36,2021-01-28 22:26:41
San Juan,69,AR,1611872546,19,-31.5375,-68.5364,86.86,5.95,2021-01-28 22:22:26
Marinette,1,US,1611872802,63,45.1,-87.6307,21.2,6.91,2021-01-28 22:26:42
Padang,75,ID,1611872757,94,-0.9492,100.3543,75.2,4.61,2021-01-28 22:25:57
Murgab,40,TM,1611872802,56,37.4966,61.9714,41.0,6.91,2021-01-28 22:26:42
Smithers,20,CA,1611872802,57,54.7804,-127.1743,12.2,8.05,2021-01-28 22:26:42
Bronnitsy,90,RU,1611872803,93,55.4194,38.2708,32.0,11.18,2021-01-28 22:26:43
Mackay,90,AU,1611872803,83,-21.15,149.2,78.8,6.91,2021-01-28 22:26:43
Puerto del Rosario,0,ES,1611872804,88,28.5004,-13.8627,66.2,3.44,2021-01-28 22:26:44
Panipat,0,IN,1611872804,56,29.3889,76.9681,45.01,4.56,2021-01-28 22:26:44
Lafiagi,0,NG,1611872804,18,8.8667,5.4167,84.25,1.54,2021-01-28 22:26:44
Puerto Ayacucho,87,VE,1611872805,53,5.6639,-67.6236,86.58,8.28,2021-01-28 22:26:45
Ankang,0,CN,1611872773,50,32.68,109.0172,42.01,10.0,2021-01-28 22:26:13
Isangel,75,VU,1611872805,74,-19.55,169.2667,86.0,9.22,2021-01-28 22:26:45
Visby,90,SE,1611872806,100,57.6409,18.296,33.01,9.22,2021-01-28 22:26:46
Owando,89,CG,1611872806,81,-0.4819,15.8999,73.22,2.66,2021-01-28 22:26:46
Sujangarh,0,IN,1611872806,38,27.7011,74.4649,52.23,4.88,2021-01-28 22:26:46
Haines Junction,100,CA,1611872806,76,60.7522,-137.5108,-16.6,2.19,2021-01-28 22:26:46
Cañon City,1,US,1611872620,41,38.441,-105.2424,59.0,4.61,2021-01-28 22:23:40
Princeville,90,CA,1611872807,74,45.7668,-61.2985,25.0,5.75,2021-01-28 22:26:47
Brusyliv,75,UA,1611872807,93,50.2845,29.5263,28.99,17.9,2021-01-28 22:26:47
Mokrousovo,100,RU,1611872807,94,55.8103,66.7653,17.69,13.87,2021-01-28 22:26:47
Saiki,75,JP,1611872807,60,32.95,131.9,35.6,9.22,2021-01-28 22:26:47
Summerville,1,US,1611872643,43,33.0185,-80.1757,51.8,8.05,2021-01-28 22:24:03
Plettenberg Bay,0,ZA,1611872808,74,-34.0527,23.3716,62.49,3.91,2021-01-28 22:26:48
Marsh Harbour,49,BS,1611872808,70,26.5412,-77.0636,66.02,26.57,2021-01-28 22:26:48
Arauca,4,CO,1611872809,44,7.0847,-70.7591,87.82,5.7,2021-01-28 22:26:49
Biri,86,PH,1611872809,81,12.6833,124.3636,78.28,22.48,2021-01-28 22:26:49
Mbandaka,100,CD,1611872809,78,0.0487,18.2603,73.54,3.51,2021-01-28 22:26:49
Hirara,75,JP,1611872809,58,24.8,125.2833,57.2,19.57,2021-01-28 22:26:49
