City,Cloudiness,Country,Date,Humidity,Lat,Lng,Max Temp,Wind Speed,date
Faanui,48,PF,1611944616,66,-16.4833,-151.75,81.16,7.85,2021-01-29 18:23:36
Kaniama,68,CD,1611944616,87,-7.5667,24.1833,69.73,1.05,2021-01-29 18:23:36
Bathsheba,20,BB,1611944616,61,13.2167,-59.5167,84.2,17.27,2021-01-29 18:23:36
Mataura,16,NZ,1611944617,95,-46.1927,168.8643,38.88,2.01,2021-01-29 18:23:37
Guerrero Negro,2,MX,1611944617,56,27.9769,-114.0611,63.39,8.72,2021-01-29 18:23:37
Albany,87,US,1611944406,45,42.6001,-73.9662,15.01,3.0,2021-01-29 18:20:06
Rikitea,92,PF,1611944618,69,-23.1203,-134.9692,78.98,4.32,2021-01-29 18:23:38
Isangel,35,VU,1611944618,81,-19.55,169.2667,76.57,13.0,2021-01-29 18:23:38
Alofi,100,NU,1611944618,94,-19.0595,-169.9187,77.0,9.22,2021-01-29 18:23:38
Butaritari,97,KI,1611944619,79,3.0707,172.7902,80.1,16.73,2021-01-29 18:23:39
Punta Arenas,75,CL,1611944557,57,-53.15,-70.9167,48.2,26.46,2021-01-29 18:22:37
Bariloche,0,AR,1611944619,21,-41.1456,-71.3082,77.0,19.57,2021-01-29 18:23:39
Cape Town,0,ZA,1611944473,68,-33.9258,18.4232,71.01,17.27,2021-01-29 18:21:13
Ushuaia,75,AR,1611944483,81,-54.8,-68.3,39.2,31.07,2021-01-29 18:21:23
Cidreira,14,BR,1611944392,82,-30.1811,-50.2056,81.5,8.52,2021-01-29 18:19:52
Laguna,90,US,1611944530,87,38.421,-121.4238,46.99,5.75,2021-01-29 18:22:10
Arraial do Cabo,0,BR,1611944621,58,-22.9661,-42.0278,95.0,20.71,2021-01-29 18:23:41
Jamestown,90,US,1611944424,68,42.097,-79.2353,21.99,17.27,2021-01-29 18:20:24
Benguela,60,AO,1611944621,68,-12.5763,13.4055,78.39,8.37,2021-01-29 18:23:41
Kaitangata,22,NZ,1611944622,89,-46.2817,169.8464,43.29,6.53,2021-01-29 18:23:42
Katangli,100,RU,1611944622,93,51.7102,143.2326,3.24,13.78,2021-01-29 18:23:42
Port Alfred,0,ZA,1611944622,89,-33.5906,26.891,64.99,1.99,2021-01-29 18:23:42
Saint-Philippe,0,RE,1611944622,65,-21.3585,55.7679,80.6,3.44,2021-01-29 18:23:42
Nikolskoye,90,RU,1611944623,93,59.7035,30.7861,32.0,6.71,2021-01-29 18:23:43
Saskylakh,38,RU,1611944623,79,71.9167,114.0833,-38.97,2.48,2021-01-29 18:23:43
Mahébourg,75,MU,1611944623,78,-20.4081,57.7,80.6,11.5,2021-01-29 18:23:43
Faya,0,SA,1611944624,82,18.3851,42.4509,59.0,6.91,2021-01-29 18:23:44
Lebu,98,CL,1611944624,95,-37.6167,-73.65,58.78,2.08,2021-01-29 18:23:44
Hithadhoo,92,MV,1611944624,75,-0.6,73.0833,82.0,7.94,2021-01-29 18:23:44
Yellowknife,20,CA,1611944625,76,62.456,-114.3525,-18.99,8.05,2021-01-29 18:23:45
Eureka,4,US,1611944392,93,40.8021,-124.1637,45.0,4.41,2021-01-29 18:19:52
Kapaa,90,US,1611944625,83,22.0752,-159.319,73.0,19.57,2021-01-29 18:23:45
Hermanus,8,ZA,1611944625,77,-34.4187,19.2345,68.0,7.34,2021-01-29 18:23:45
Karpathos,20,GR,1611944625,58,35.507,27.2132,59.0,11.5,2021-01-29 18:23:45
Tiksi,88,RU,1611944626,85,71.6872,128.8694,-30.64,5.26,2021-01-29 18:23:46
Sangre Grande,40,TT,1611944626,51,10.5835,-61.1177,87.8,9.22,2021-01-29 18:23:46
Port Elizabeth,0,ZA,1611944621,82,-33.918,25.5701,66.2,6.91,2021-01-29 18:23:41
Avarua,20,CK,1611944627,78,-21.2078,-159.775,82.4,8.05,2021-01-29 18:23:47
Manavālakurichi,20,IN,1611944628,78,8.1333,77.3,80.6,4.5,2021-01-29 18:23:48
Suntar,86,RU,1611944628,76,62.1444,117.6319,-49.88,1.54,2021-01-29 18:23:48
Misratah,17,LY,1611944628,57,32.3754,15.0925,65.97,9.04,2021-01-29 18:23:48
Iqaluit,1,CA,1611944629,70,63.7506,-68.5145,-13.0,27.63,2021-01-29 18:23:49
Amilly,75,FR,1611944629,83,47.9728,2.7719,48.99,13.4,2021-01-29 18:23:49
Atuona,10,PF,1611944629,75,-9.8,-139.0333,78.85,19.6,2021-01-29 18:23:49
Saldanha,0,ZA,1611944629,87,-33.0117,17.9442,65.64,13.29,2021-01-29 18:23:49
Atagay,100,RU,1611944630,92,55.1033,99.3875,1.0,1.57,2021-01-29 18:23:50
Chokurdakh,100,RU,1611944630,87,70.6333,147.9167,-23.03,7.76,2021-01-29 18:23:50
Viseu,89,PT,1611944630,93,40.661,-7.9097,55.0,4.0,2021-01-29 18:23:50
Hilo,90,US,1611944281,88,19.7297,-155.09,66.2,3.44,2021-01-29 18:18:01
Talnakh,0,RU,1611944630,70,69.4865,88.3972,-32.8,0.72,2021-01-29 18:23:50
Mount Isa,98,AU,1611944631,54,-20.7333,139.5,84.2,4.61,2021-01-29 18:23:51
Kavieng,72,PG,1611944631,82,-2.5744,150.7967,82.94,16.15,2021-01-29 18:23:51
Bredasdorp,6,ZA,1611944631,77,-34.5322,20.0403,68.0,10.04,2021-01-29 18:23:51
Narovchat,96,RU,1611944632,96,53.8765,43.6946,26.4,13.69,2021-01-29 18:23:52
Luena,98,AO,1611944632,90,-11.7833,19.9167,64.4,2.42,2021-01-29 18:23:52
Esim,65,GH,1611944633,79,4.8699,-2.2405,80.29,7.58,2021-01-29 18:23:53
Roebourne,35,AU,1611944633,71,-20.7833,117.1333,82.74,1.61,2021-01-29 18:23:53
Deputatsky,100,RU,1611944633,86,69.3,139.9,-32.08,2.08,2021-01-29 18:23:53
Mushie,83,CD,1611944634,64,-3.0167,16.9,81.46,2.06,2021-01-29 18:23:54
Puerto Ayora,20,EC,1611944634,70,-0.7393,-90.3518,84.2,13.8,2021-01-29 18:23:54
Busselton,0,AU,1611944634,80,-33.65,115.3333,63.0,3.0,2021-01-29 18:23:54
Zhuhai,0,CN,1611944635,77,22.2769,113.5678,61.0,13.8,2021-01-29 18:23:55
Derzhavīnsk,3,KZ,1611944635,91,51.1,66.3167,20.52,11.41,2021-01-29 18:23:55
Chui,52,UY,1611944635,63,-33.6971,-53.4616,79.48,10.54,2021-01-29 18:23:55
George Town,20,MY,1611944635,73,5.4112,100.3354,81.0,5.75,2021-01-29 18:23:55
Dale,1,US,1611944636,64,38.1689,-86.99,36.0,9.22,2021-01-29 18:23:56
Santa Inês,97,BR,1611944636,75,-3.6667,-45.38,83.75,2.39,2021-01-29 18:23:56
Castro,100,BR,1611944636,93,-24.7911,-50.0119,68.2,7.16,2021-01-29 18:23:56
Pinotepa Nacional,78,MX,1611944636,25,16.3167,-98.0167,94.96,3.89,2021-01-29 18:23:56
Bata,70,GQ,1611944636,78,1.8639,9.7658,80.8,5.53,2021-01-29 18:23:56
Pottstown,90,US,1611944637,39,40.2454,-75.6496,26.01,19.57,2021-01-29 18:23:57
Amahai,100,ID,1611944637,78,-3.3333,128.9167,77.9,5.61,2021-01-29 18:23:57
Bluff,40,NZ,1611944637,81,-46.6,168.3333,46.85,2.48,2021-01-29 18:23:57
Lodwar,0,KE,1611944637,35,3.1191,35.5973,87.17,14.58,2021-01-29 18:23:57
Luba,20,GQ,1611944638,79,3.4568,8.5547,84.2,9.22,2021-01-29 18:23:58
Ribeira Grande,20,PT,1611944638,72,38.5167,-28.7,62.6,13.8,2021-01-29 18:23:58
Banda Aceh,89,ID,1611944638,84,5.5577,95.3222,77.54,12.84,2021-01-29 18:23:58
Tabas,57,IR,1611944639,16,33.5959,56.9244,51.8,4.36,2021-01-29 18:23:59
East London,40,ZA,1611944639,83,-33.0153,27.9116,71.6,4.61,2021-01-29 18:23:59
Posse,76,BR,1611944639,45,-14.0931,-46.3694,84.45,3.15,2021-01-29 18:23:59
Dunedin,17,NZ,1611944640,74,-45.8742,170.5036,51.01,1.99,2021-01-29 18:24:00
Hobart,75,AU,1611944419,94,-42.8794,147.3294,60.8,6.91,2021-01-29 18:20:19
Mount Gambier,75,AU,1611944640,94,-37.8333,140.7667,59.0,8.05,2021-01-29 18:24:00
Aranos,85,NA,1611944641,18,-24.1333,19.1167,86.41,13.98,2021-01-29 18:24:01
Perth,0,AU,1611944642,43,-31.9333,115.8333,72.0,26.46,2021-01-29 18:24:02
Mayumba,85,GA,1611944642,83,-3.432,10.6554,79.36,6.62,2021-01-29 18:24:02
Kladovo,97,RS,1611944642,82,44.6067,22.6119,39.33,2.1,2021-01-29 18:24:02
Saint Paul Harbor,90,US,1611944643,75,57.79,-152.4072,33.8,14.97,2021-01-29 18:24:03
Katobu,99,ID,1611944643,91,-4.9408,122.5276,75.4,3.4,2021-01-29 18:24:03
Beloha,100,MG,1611944643,78,-25.1667,45.05,79.27,11.92,2021-01-29 18:24:03
Yankton,90,US,1611944532,93,42.8711,-97.3973,30.0,12.66,2021-01-29 18:22:12
Mumford,89,GH,1611944644,81,5.2618,-0.759,80.71,8.48,2021-01-29 18:24:04
Mercedes,54,AR,1611944644,57,-34.6515,-59.4307,84.0,5.01,2021-01-29 18:24:04
Pontianak,75,ID,1611944644,94,-0.0333,109.3333,75.2,4.5,2021-01-29 18:24:04
Mossamedes,89,AO,1611944645,75,-15.1961,12.1522,74.68,12.53,2021-01-29 18:24:05
Saint-Pierre,0,RE,1611944645,65,-21.3393,55.4781,80.6,3.44,2021-01-29 18:24:05
Igarka,28,RU,1611944645,77,67.4667,86.5833,-28.97,6.31,2021-01-29 18:24:05
Yomou,9,GN,1611944647,35,7.5603,-9.2653,88.43,4.38,2021-01-29 18:24:07
Nanortalik,100,GL,1611944647,84,60.1432,-45.2371,35.01,7.76,2021-01-29 18:24:07
Bethel,20,US,1611944648,53,41.3712,-73.414,16.0,16.11,2021-01-29 18:24:08
Pevek,5,RU,1611944648,85,69.7008,170.3133,-28.17,3.29,2021-01-29 18:24:08
Formosa,75,AR,1611944649,58,-26.1775,-58.1781,91.4,11.5,2021-01-29 18:24:09
Homer,90,US,1611944649,80,59.6425,-151.5483,27.0,3.44,2021-01-29 18:24:09
Prymors'k,100,UA,1611944649,72,46.7348,36.3443,39.81,21.0,2021-01-29 18:24:09
Djibouti,75,DJ,1611944650,69,11.5,42.5,77.0,11.86,2021-01-29 18:24:10
Clyde River,1,CA,1611944650,77,70.4692,-68.5914,-13.0,9.22,2021-01-29 18:24:10
Susaki,9,JP,1611944651,87,33.3667,133.2833,32.52,4.45,2021-01-29 18:24:11
Torbay,90,CA,1611944651,86,47.6666,-52.7314,28.99,17.27,2021-01-29 18:24:11
Chokwé,20,MZ,1611944651,81,-24.5333,32.9833,77.34,6.35,2021-01-29 18:24:11
Tuatapere,28,NZ,1611944652,89,-46.1333,167.6833,42.87,3.33,2021-01-29 18:24:12
Adré,5,TD,1611944652,18,13.4667,22.2,73.9,18.81,2021-01-29 18:24:12
Fairbanks,75,US,1611944622,77,64.8378,-147.7164,1.99,2.84,2021-01-29 18:23:42
Kūstī,2,SD,1611944652,14,13.1629,32.6635,78.15,15.17,2021-01-29 18:24:12
Lompoc,90,US,1611944535,93,34.6391,-120.4579,48.2,6.91,2021-01-29 18:22:15
Yulara,90,AU,1611944653,61,-25.2406,130.9889,80.6,14.97,2021-01-29 18:24:13
Neuquén,40,AR,1611944355,68,-38.9516,-68.0591,68.0,8.05,2021-01-29 18:19:15
Provideniya,94,RU,1611944653,82,64.3833,-173.3,-9.06,9.01,2021-01-29 18:24:13
Skjervøy,20,NO,1611944654,57,70.0311,20.9714,14.0,16.11,2021-01-29 18:24:14
Sitka,90,US,1611944654,51,57.0531,-135.33,35.6,17.27,2021-01-29 18:24:14
Husavik,40,IS,1611944654,85,66.0449,-17.3389,14.0,2.3,2021-01-29 18:24:14
Horsham,40,GB,1611944655,87,51.064,-0.3272,48.99,11.5,2021-01-29 18:24:15
New Norfolk,76,AU,1611944655,83,-42.7826,147.0587,60.01,1.92,2021-01-29 18:24:15
Souillac,75,MU,1611944655,78,-20.5167,57.5167,80.6,11.5,2021-01-29 18:24:15
Kahului,40,US,1611944472,83,20.8947,-156.47,69.8,12.66,2021-01-29 18:21:12
Alice Springs,75,AU,1611944656,83,-23.7,133.8833,79.0,11.5,2021-01-29 18:24:16
Meulaboh,99,ID,1611944656,85,4.1363,96.1285,76.35,6.69,2021-01-29 18:24:16
Wāliṅ,0,NP,1611944657,55,27.9833,83.7667,46.9,3.74,2021-01-29 18:24:17
Nelson Bay,100,AU,1611944657,94,-32.7167,152.15,72.0,5.75,2021-01-29 18:24:17
Kutum,2,SD,1611944657,27,14.2,24.6667,62.76,13.42,2021-01-29 18:24:17
Oranjemund,0,NA,1611944658,77,-28.55,16.4333,63.43,21.7,2021-01-29 18:24:18
Barrow,40,US,1611944658,76,71.2906,-156.7887,-16.6,10.36,2021-01-29 18:24:18
Krk,75,HR,1611944658,93,45.0258,14.5731,50.0,6.91,2021-01-29 18:24:18
Ambilobe,100,MG,1611944546,90,-13.2,49.05,75.72,1.36,2021-01-29 18:22:26
Bambanglipuro,100,ID,1611944659,93,-7.95,110.2833,75.78,9.78,2021-01-29 18:24:19
Pangnirtung,1,CA,1611944659,84,66.1451,-65.7125,-11.2,2.01,2021-01-29 18:24:19
Lichinga,100,MZ,1611944660,99,-13.3128,35.2406,65.17,2.62,2021-01-29 18:24:20
Zhenlai,100,CN,1611944660,93,45.8495,123.2973,-1.39,7.16,2021-01-29 18:24:20
Dauriya,0,RU,1611944660,81,49.9333,116.8667,-29.79,3.04,2021-01-29 18:24:20
Xining,100,CN,1611944661,75,36.6167,101.7667,15.76,2.3,2021-01-29 18:24:21
Carnarvon,0,AU,1611944662,89,-24.8667,113.6333,78.8,8.05,2021-01-29 18:24:22
Kavaratti,0,IN,1611944662,69,10.5669,72.642,80.92,8.43,2021-01-29 18:24:22
Honningsvåg,75,NO,1611944662,79,70.9821,25.9704,21.2,12.66,2021-01-29 18:24:22
Saint George,90,US,1611944623,81,37.1041,-113.5841,45.0,9.22,2021-01-29 18:23:43
Blankenberge,31,BE,1611944596,81,51.3131,3.1323,48.0,7.0,2021-01-29 18:23:16
Baker City,75,US,1611944663,81,44.7749,-117.8344,39.2,2.1,2021-01-29 18:24:23
São Félix do Xingu,46,BR,1611944664,84,-6.6447,-51.995,84.24,1.03,2021-01-29 18:24:24
Weiswampach,85,LU,1611944664,94,50.1372,6.075,44.01,5.99,2021-01-29 18:24:24
Khatanga,0,RU,1611944651,72,71.9667,102.5,-46.23,2.24,2021-01-29 18:24:11
Lavrentiya,47,RU,1611944665,82,65.5833,-171.0,-16.31,14.41,2021-01-29 18:24:25
Caucayá,8,CO,1611944665,39,-0.1934,-74.7819,92.16,6.2,2021-01-29 18:24:25
Mount Vernon,20,US,1611944420,39,40.9126,-73.8371,24.8,20.71,2021-01-29 18:20:20
Nicoya,0,CR,1611944666,42,10.1483,-85.452,87.8,35.68,2021-01-29 18:24:26
Constitución,100,CL,1611944666,73,-35.3333,-72.4167,66.18,8.32,2021-01-29 18:24:26
Dikson,54,RU,1611944666,85,73.5069,80.5464,-33.27,5.19,2021-01-29 18:24:26
Te Anau,15,NZ,1611944666,90,-45.4167,167.7167,38.25,0.94,2021-01-29 18:24:26
Alexandria,40,EG,1611944667,58,31.2156,29.9553,57.2,16.11,2021-01-29 18:24:27
Tortolì,86,IT,1611944667,22,39.9256,9.6572,66.2,24.16,2021-01-29 18:24:27
Hanna,91,CA,1611944667,86,51.6334,-111.9018,3.0,4.0,2021-01-29 18:24:27
Labytnangi,4,RU,1611944668,80,66.6572,66.4183,-40.7,1.59,2021-01-29 18:24:28
Victoria Point,28,AU,1611944668,75,-27.5833,153.3,75.99,1.99,2021-01-29 18:24:28
Atambua,100,ID,1611944668,90,-9.1061,124.8925,74.93,6.17,2021-01-29 18:24:28
Ahipara,0,NZ,1611944669,82,-35.1667,173.1667,56.66,5.64,2021-01-29 18:24:29
Fruitvale,1,US,1611944669,56,39.0817,-108.4968,46.99,5.75,2021-01-29 18:24:29
Qaanaaq,0,GL,1611944669,59,77.484,-69.3632,-14.73,4.59,2021-01-29 18:24:29
Bengkulu,100,ID,1611944670,87,-3.8004,102.2655,75.67,4.65,2021-01-29 18:24:30
Tasiilaq,90,GL,1611944670,93,65.6145,-37.6368,17.6,20.71,2021-01-29 18:24:30
Filingué,0,NE,1611944670,14,14.3521,3.3168,80.62,9.31,2021-01-29 18:24:30
Port Blair,62,IN,1611944671,83,11.6667,92.75,79.05,7.09,2021-01-29 18:24:31
Comodoro Rivadavia,75,AR,1611944671,48,-45.8667,-67.5,62.6,6.91,2021-01-29 18:24:31
Druzhba,97,UA,1611944671,97,52.0428,33.9453,24.24,13.0,2021-01-29 18:24:31
Maués,64,BR,1611944461,57,-3.3836,-57.7186,89.89,2.17,2021-01-29 18:21:01
Changping,0,CN,1611944672,52,40.2186,116.2197,26.01,2.24,2021-01-29 18:24:32
Kulhudhuffushi,0,MV,1611944672,67,6.6221,73.07,80.91,8.37,2021-01-29 18:24:32
Mehamn,75,NO,1611944672,73,71.0357,27.8492,21.2,9.22,2021-01-29 18:24:32
Monrovia,40,LR,1611944672,74,6.3005,-10.7969,86.0,6.91,2021-01-29 18:24:32
San Patricio,40,US,1611944673,56,28.017,-97.5169,73.4,8.05,2021-01-29 18:24:33
Bilma,89,NE,1611944673,24,18.6853,12.9164,65.39,5.23,2021-01-29 18:24:33
Rensvik,75,NO,1611944673,80,63.1,7.8167,33.8,14.97,2021-01-29 18:24:33
Knysna,0,ZA,1611944673,72,-34.0363,23.0471,64.4,4.61,2021-01-29 18:24:33
Changde,82,CN,1611944674,73,29.0464,111.6783,47.53,1.99,2021-01-29 18:24:34
Hong Kong,0,HK,1611944587,77,22.2855,114.1577,60.01,1.01,2021-01-29 18:23:07
Majene,100,ID,1611944674,75,-3.5403,118.9707,79.48,7.45,2021-01-29 18:24:34
Methana,97,GR,1611944674,74,37.5823,23.3914,55.0,1.99,2021-01-29 18:24:34
Guarapari,20,BR,1611944628,58,-20.6667,-40.4975,87.8,19.57,2021-01-29 18:23:48
Kabare,40,CD,1611944675,82,-2.4683,28.8242,62.02,2.19,2021-01-29 18:24:35
Ambon City,40,ID,1611944675,83,-3.6954,128.1814,78.8,3.44,2021-01-29 18:24:35
Madimba,50,TZ,1611944675,83,-10.4,40.3333,80.2,9.33,2021-01-29 18:24:35
Aklavik,75,CA,1611944676,75,68.2191,-135.0107,-32.8,4.61,2021-01-29 18:24:36
Say,0,NE,1611944676,8,13.1007,2.3689,87.8,6.91,2021-01-29 18:24:36
Quixadá,95,BR,1611944676,36,-4.9714,-39.0153,93.4,6.76,2021-01-29 18:24:36
Kruisfontein,0,ZA,1611944676,72,-34.0033,24.7314,66.99,1.99,2021-01-29 18:24:36
Pingliang,76,CN,1611944677,70,35.5392,106.6861,29.35,2.53,2021-01-29 18:24:37
Margate,31,GB,1611944677,74,51.3813,1.3862,48.99,1.99,2021-01-29 18:24:37
Vaini,75,TO,1611944677,83,-21.2,-175.2,77.0,12.66,2021-01-29 18:24:37
Am Timan,0,TD,1611944678,15,11.0297,20.2827,83.07,4.47,2021-01-29 18:24:38
Tuktoyaktuk,20,CA,1611944678,74,69.4541,-133.0374,-34.6,4.61,2021-01-29 18:24:38
Isla Mujeres,75,MX,1611944678,53,21.2311,-86.731,77.0,14.97,2021-01-29 18:24:38
Nālūt,0,LY,1611944678,36,30.3333,10.85,58.35,5.82,2021-01-29 18:24:38
Moose Factory,90,CA,1611944679,78,51.2585,-80.6094,3.2,9.22,2021-01-29 18:24:39
Upernavik,40,GL,1611944679,80,72.7868,-56.1549,-8.5,11.65,2021-01-29 18:24:39
Los Llanos de Aridane,20,ES,1611944680,88,28.6585,-17.9182,68.0,8.05,2021-01-29 18:24:40
Kenai,90,US,1611944680,85,60.5544,-151.2583,8.6,3.44,2021-01-29 18:24:40
Severo-Kuril'sk,100,RU,1611944681,94,50.6789,156.125,20.59,20.29,2021-01-29 18:24:41
Maceió,75,BR,1611944646,83,-9.6658,-35.7353,78.8,2.3,2021-01-29 18:24:06
Velikooktyabr'skiy,89,RU,1611944681,97,57.4333,33.8159,25.38,7.99,2021-01-29 18:24:41
Coyhaique,20,CL,1611944486,39,-45.5752,-72.0662,60.8,9.22,2021-01-29 18:21:26
Touros,20,BR,1611944682,62,-5.1989,-35.4608,86.0,11.5,2021-01-29 18:24:42
Moree,69,AU,1611944682,56,-29.4667,149.85,71.6,12.66,2021-01-29 18:24:42
Katsuura,0,JP,1611944682,41,35.1333,140.3,37.4,12.66,2021-01-29 18:24:42
Grindavik,90,IS,1611944682,75,63.8424,-22.4338,33.8,9.22,2021-01-29 18:24:42
Crateús,96,BR,1611944683,39,-5.1783,-40.6775,92.75,7.76,2021-01-29 18:24:43
Haines Junction,100,CA,1611944683,77,60.7522,-137.5108,-11.2,1.92,2021-01-29 18:24:43
Penzance,95,GB,1611944683,93,50.1186,-5.5371,48.99,6.91,2021-01-29 18:24:43
Jaumave,1,MX,1611944683,38,23.4167,-99.3833,75.0,9.22,2021-01-29 18:24:43
Nhulunbuy,79,AU,1611944684,89,-12.2333,136.7667,80.6,8.05,2021-01-29 18:24:44
Ancud,0,CL,1611944684,52,-41.8697,-73.8203,64.4,9.22,2021-01-29 18:24:44
Ponta do Sol,20,PT,1611944684,74,32.6667,-17.1,60.01,5.01,2021-01-29 18:24:44
Vila Velha,20,BR,1611944684,58,-20.3297,-40.2925,87.8,19.57,2021-01-29 18:24:44
Mareeba,75,AU,1611944685,88,-17.0,145.4333,77.0,10.36,2021-01-29 18:24:45
Longyearbyen,20,SJ,1611944685,55,78.2186,15.6401,-2.2,25.32,2021-01-29 18:24:45
Umm Kaddadah,0,SD,1611944685,22,13.6017,26.6876,70.54,18.66,2021-01-29 18:24:45
Fortuna,1,US,1611944685,100,40.5982,-124.1573,46.99,8.05,2021-01-29 18:24:45
Xingyi,12,CN,1611944686,98,24.1877,102.817,46.15,4.18,2021-01-29 18:24:46
Gorontalo,39,ID,1611944686,83,0.5412,123.0595,73.67,3.2,2021-01-29 18:24:46
Bacungan,40,PH,1611944686,69,9.9106,118.7022,80.6,18.41,2021-01-29 18:24:46
Vao,94,NC,1611944686,81,-22.6667,167.4833,76.3,19.82,2021-01-29 18:24:46
Planaltina,75,BR,1611944687,35,-15.4528,-47.6142,86.0,4.61,2021-01-29 18:24:47
Thompson,90,CA,1611944687,78,55.7435,-97.8558,1.4,4.61,2021-01-29 18:24:47
Laas,0,IT,1611944687,74,46.6166,10.7002,35.01,4.61,2021-01-29 18:24:47
Quelimane,75,MZ,1611944612,83,-17.8786,36.8883,84.0,5.75,2021-01-29 18:23:32
Villeneuve-Loubet,0,FR,1611944688,41,43.6666,7.1204,62.6,21.85,2021-01-29 18:24:48
Mbuyapey,1,PY,1611944688,54,-26.2,-56.75,91.69,8.75,2021-01-29 18:24:48
Qadirpur Ran,0,PK,1611944688,71,30.2924,71.6712,51.8,4.05,2021-01-29 18:24:48
Mastung,54,PK,1611944423,47,29.7994,66.845,42.64,1.79,2021-01-29 18:20:23
Narsaq,75,GL,1611944689,29,60.9167,-46.05,44.6,31.07,2021-01-29 18:24:49
Tommot,100,RU,1611944689,80,58.9564,126.2925,-34.92,1.3,2021-01-29 18:24:49
Xiaoweizhai,100,CN,1611944689,74,26.1903,107.5125,45.21,3.65,2021-01-29 18:24:49
São Filipe,100,CV,1611944690,52,14.8961,-24.4956,77.86,8.97,2021-01-29 18:24:50
Marovoay,40,MG,1611944690,89,-16.1,46.6333,80.6,4.61,2021-01-29 18:24:50
Alyangula,98,AU,1611944690,89,-13.8483,136.4192,80.6,5.75,2021-01-29 18:24:50
The Valley,20,AI,1611944691,65,18.217,-63.0578,80.6,4.61,2021-01-29 18:24:51
Galveston,90,US,1611944691,72,29.3669,-94.9669,60.01,14.97,2021-01-29 18:24:51
Severomorsk,75,RU,1611944691,85,69.0689,33.4162,8.6,4.47,2021-01-29 18:24:51
Rodrigues Alves,75,BR,1611944692,79,-7.738,-72.6509,86.0,2.3,2021-01-29 18:24:52
Hasaki,20,JP,1611944692,51,35.7333,140.8333,33.8,11.5,2021-01-29 18:24:52
Okhotsk,76,RU,1611944692,81,59.3833,143.3,-13.11,6.96,2021-01-29 18:24:52
Weyburn,95,CA,1611944692,86,49.6668,-103.8511,15.8,20.71,2021-01-29 18:24:52
Camaná,3,PE,1611944692,60,-16.6228,-72.7111,76.35,9.6,2021-01-29 18:24:52
Cam Ranh,20,VN,1611944693,64,11.9214,109.1591,73.4,11.5,2021-01-29 18:24:53
Manzanares,0,ES,1611944693,67,38.9991,-3.3699,60.01,9.22,2021-01-29 18:24:53
Zabul Province,1,AF,1611944693,68,32.25,67.25,34.03,3.49,2021-01-29 18:24:53
Mar del Plata,0,AR,1611944689,30,-38.0023,-57.5575,82.4,13.8,2021-01-29 18:24:49
Solnechnyy,100,RU,1611944694,88,50.7214,136.6319,-7.08,6.26,2021-01-29 18:24:54
Muzhi,25,RU,1611944694,78,65.3667,64.6667,-40.54,3.85,2021-01-29 18:24:54
Rancho Palos Verdes,75,US,1611944595,67,33.7445,-118.387,57.0,3.44,2021-01-29 18:23:15
Marshall,1,US,1611944694,48,34.3834,-86.3333,45.0,4.05,2021-01-29 18:24:54
Srednekolymsk,100,RU,1611944694,84,67.45,153.6833,-29.76,3.69,2021-01-29 18:24:54
Vestmanna,75,FO,1611944695,64,62.1564,-7.1664,32.0,10.36,2021-01-29 18:24:55
Hambantota,40,LK,1611944695,100,6.1241,81.1185,75.2,2.3,2021-01-29 18:24:55
Pisco,0,PE,1611944666,73,-13.7,-76.2167,77.0,10.36,2021-01-29 18:24:26
Karratha,3,AU,1611944695,75,-20.7377,116.8463,82.27,2.06,2021-01-29 18:24:55
Havøysund,75,NO,1611944696,79,70.9963,24.6622,21.2,12.66,2021-01-29 18:24:56
Palmer,20,US,1611944696,48,42.1584,-72.3287,15.01,20.71,2021-01-29 18:24:56
Susanville,90,US,1611944696,93,40.4163,-120.653,33.8,0.83,2021-01-29 18:24:56
Ugep,64,NG,1611944697,18,5.8086,8.0812,87.57,1.48,2021-01-29 18:24:57
Sioux Lookout,20,CA,1611944697,66,50.1001,-91.917,8.6,4.61,2021-01-29 18:24:57
Nyaunglebin,20,MM,1611944697,75,17.95,96.7333,71.8,4.05,2021-01-29 18:24:57
Beringovskiy,79,RU,1611944697,85,63.05,179.3167,-14.51,9.62,2021-01-29 18:24:57
Wanning,61,CN,1611944698,81,18.8003,110.3967,66.45,6.26,2021-01-29 18:24:58
Leshukonskoye,100,RU,1611944698,94,64.8989,45.7622,11.68,11.07,2021-01-29 18:24:58
Port Lincoln,96,AU,1611944698,72,-34.7333,135.8667,62.91,13.53,2021-01-29 18:24:58
Padang,75,ID,1611944698,94,-0.9492,100.3543,75.2,1.14,2021-01-29 18:24:58
Mmabatho,0,ZA,1611944699,68,-25.85,25.6333,73.4,5.75,2021-01-29 18:24:59
Concepción,90,CL,1611944526,100,-36.827,-73.0498,59.0,14.97,2021-01-29 18:22:06
Roald,90,NO,1611944699,86,62.5833,6.1333,33.8,14.97,2021-01-29 18:24:59
Santa Marta,20,CO,1611944429,62,11.2408,-74.199,87.8,8.05,2021-01-29 18:20:29
Maniitsoq,0,GL,1611944700,77,65.4167,-52.9,24.26,5.06,2021-01-29 18:25:00
Nome,40,US,1611944700,71,64.5011,-165.4064,-2.2,4.36,2021-01-29 18:25:00
Chapais,90,CA,1611944700,85,49.7834,-74.8492,1.4,12.66,2021-01-29 18:25:00
Tongren,100,CN,1611944700,68,27.7172,109.1853,45.82,1.92,2021-01-29 18:25:00
Kamaishi,52,JP,1611944701,89,39.2667,141.8833,27.18,18.95,2021-01-29 18:25:01
Moshupa,75,BW,1611944701,78,-24.7782,25.4155,71.6,8.05,2021-01-29 18:25:01
Olafsvik,98,IS,1611944701,89,64.8945,-23.7142,34.16,3.06,2021-01-29 18:25:01
Lüderitz,0,NA,1611944593,40,-26.6481,15.1594,74.84,26.93,2021-01-29 18:23:13
Dmitriyevka,90,RU,1611944469,51,54.75,55.3333,32.0,8.95,2021-01-29 18:21:09
Kununurra,40,AU,1611944702,100,-15.7667,128.7333,78.8,8.05,2021-01-29 18:25:02
Sol'-Iletsk,100,RU,1611944702,96,51.1631,54.9918,27.7,14.03,2021-01-29 18:25:02
Namatanai,40,PG,1611944703,80,-3.6667,152.4333,81.63,11.23,2021-01-29 18:25:03
Makakilo City,75,US,1611944703,78,21.3469,-158.0858,71.6,4.61,2021-01-29 18:25:03
Novyye Gorki,100,RU,1611944703,97,56.7253,41.0601,26.28,9.46,2021-01-29 18:25:03
Ambulu,100,ID,1611944703,89,-8.345,113.6058,75.42,2.44,2021-01-29 18:25:03
Cherskiy,85,RU,1611944704,84,68.75,161.3,-31.38,4.41,2021-01-29 18:25:04
Askino,100,RU,1611944704,91,56.0901,56.5783,24.39,3.4,2021-01-29 18:25:04
Griffith,1,US,1611944705,47,41.5284,-87.4237,30.99,8.05,2021-01-29 18:25:05
Dobšiná,90,SK,1611944705,93,48.8207,20.3699,28.99,3.44,2021-01-29 18:25:05
Russell,1,US,1611944705,29,32.3502,-85.1999,53.01,3.44,2021-01-29 18:25:05
Broken Hill,1,AU,1611944651,60,-31.95,141.4333,69.8,16.11,2021-01-29 18:24:11
Palana,98,RU,1611944706,94,59.1167,159.9667,-8.14,7.49,2021-01-29 18:25:06
Baykit,92,RU,1611944706,75,61.67,96.37,-39.96,4.76,2021-01-29 18:25:06
Krasnosel'kup,98,RU,1611944707,83,65.7,82.4667,-27.06,7.9,2021-01-29 18:25:07
Sungai Penuh,100,ID,1611944707,96,-2.0833,101.3833,64.08,2.66,2021-01-29 18:25:07
Lata,87,PT,1611944707,91,40.1629,-8.3327,57.99,1.01,2021-01-29 18:25:07
Marabu,40,MY,1611944707,100,4.4148,114.0089,77.0,8.66,2021-01-29 18:25:07
Sangar,100,RU,1611944708,75,63.9242,127.4739,-50.73,0.69,2021-01-29 18:25:08
Kloulklubed,75,PW,1611944708,73,7.0419,134.2556,78.8,9.22,2021-01-29 18:25:08
Buraidah,0,SA,1611944708,39,26.326,43.975,64.4,10.36,2021-01-29 18:25:08
Bambous Virieux,75,MU,1611944708,78,-20.3428,57.7575,81.0,11.5,2021-01-29 18:25:08
Achinsk,100,RU,1611944709,96,56.2694,90.4993,12.87,5.48,2021-01-29 18:25:09
Severnoye,100,RU,1611944709,97,56.3491,78.3619,14.34,7.29,2021-01-29 18:25:09
Cockburn Town,40,TC,1611944709,53,21.4612,-71.1419,75.2,17.27,2021-01-29 18:25:09
Kapit,100,MY,1611944710,94,2.0167,112.9333,72.75,1.41,2021-01-29 18:25:10
Porto-Novo,40,BJ,1611944710,79,6.4965,2.6036,86.0,10.36,2021-01-29 18:25:10
Half Moon Bay,1,US,1611944710,76,37.4636,-122.4286,51.01,3.44,2021-01-29 18:25:10
Leningradskiy,88,RU,1611944710,83,69.3833,178.4167,-24.59,8.34,2021-01-29 18:25:10
Pochutla,40,MX,1611944711,46,15.7432,-96.4661,91.4,11.5,2021-01-29 18:25:11
Morón,77,AR,1611944711,47,-34.6534,-58.6198,86.0,7.0,2021-01-29 18:25:11
Zambezi,56,ZM,1611944711,82,-13.5432,23.1047,70.18,4.7,2021-01-29 18:25:11
Paamiut,89,GL,1611944711,76,61.994,-49.6678,36.34,10.47,2021-01-29 18:25:11
Port Hedland,39,AU,1611944712,79,-20.3167,118.5667,84.2,4.61,2021-01-29 18:25:12
Okha,100,RU,1611944712,91,53.5739,142.9478,-2.34,9.69,2021-01-29 18:25:12
Kuching,40,MY,1611944712,100,1.55,110.3333,75.2,2.3,2021-01-29 18:25:12
West Wendover,90,US,1611944712,53,40.7391,-114.0733,44.6,11.5,2021-01-29 18:25:12
Langham,75,CA,1611944713,85,52.3668,-106.9679,10.4,5.75,2021-01-29 18:25:13
High Level,20,CA,1611944639,76,58.5169,-117.136,-20.2,2.3,2021-01-29 18:23:59
Mentakab,88,MY,1611944713,96,3.4865,102.3516,71.29,1.3,2021-01-29 18:25:13
Bălţi,61,MD,1611944713,85,47.7617,27.9289,32.0,1.01,2021-01-29 18:25:13
Garoowe,0,SO,1611944713,66,8.4054,48.4845,70.56,17.4,2021-01-29 18:25:13
Broome,90,US,1611944714,62,42.2506,-75.833,16.0,16.11,2021-01-29 18:25:14
Thaton,59,MM,1611944714,63,16.9206,97.3714,78.96,3.0,2021-01-29 18:25:14
Shache,0,CN,1611944714,82,38.4167,77.2406,22.86,1.5,2021-01-29 18:25:14
Richards Bay,6,ZA,1611944636,87,-28.783,32.0377,73.18,3.22,2021-01-29 18:23:56
Chicamán,0,GT,1611944715,52,15.4,-90.7667,69.8,4.61,2021-01-29 18:25:15
Pauini,98,BR,1611944715,92,-7.7136,-66.9764,76.84,0.92,2021-01-29 18:25:15
Inuvik,4,CA,1611944715,68,68.3499,-133.7218,-29.2,6.91,2021-01-29 18:25:15
Nkoteng,73,CM,1611944716,22,4.5167,12.0333,80.74,2.66,2021-01-29 18:25:16
Tautira,40,PF,1611944716,61,-17.7333,-149.15,84.2,10.36,2021-01-29 18:25:16
Naraini,0,IN,1611944716,48,25.1833,80.4833,50.4,3.47,2021-01-29 18:25:16
Apiaí,92,BR,1611944558,100,-24.5094,-48.8425,68.45,4.74,2021-01-29 18:22:38
Danielskuil,59,ZA,1611944717,39,-28.1887,23.5395,74.01,9.78,2021-01-29 18:25:17
Sørland,20,NO,1611944717,74,67.667,12.6934,28.4,10.36,2021-01-29 18:25:17
Lukovetskiy,90,RU,1611944717,85,64.2956,41.9211,14.0,13.42,2021-01-29 18:25:17
Bontang,100,ID,1611944717,82,0.1333,117.5,78.28,4.03,2021-01-29 18:25:17
Livingston,90,GB,1611944718,93,55.9029,-3.5226,37.99,12.66,2021-01-29 18:25:18
Sobolevo,100,RU,1611944718,98,54.4299,31.8996,22.98,11.86,2021-01-29 18:25:18
Raalte,99,NL,1611944718,88,52.3858,6.275,48.0,14.0,2021-01-29 18:25:18
Matara,100,LK,1611944713,86,5.9485,80.5353,76.77,1.7,2021-01-29 18:25:13
Lagoa,66,PT,1611944719,72,39.05,-27.9833,59.11,16.84,2021-01-29 18:25:19
Mazabuka,100,ZM,1611944719,96,-15.856,27.748,67.6,3.33,2021-01-29 18:25:19
Mergen,100,CN,1611944719,85,49.1833,125.2167,-22.14,5.73,2021-01-29 18:25:19
Papara,40,BR,1611944719,70,-3.9839,-38.7273,86.0,16.11,2021-01-29 18:25:19
Grand Gaube,3,MU,1611944720,78,-20.0064,57.6608,81.0,5.99,2021-01-29 18:25:20
Shubarkuduk,100,KZ,1611944720,96,49.1447,56.4872,25.39,15.59,2021-01-29 18:25:20
La Ronge,100,CA,1611944720,78,55.1001,-105.2842,8.6,5.75,2021-01-29 18:25:20
Bubaque,5,GW,1611944720,70,11.2833,-15.8333,78.91,13.58,2021-01-29 18:25:20
Buriti dos Lopes,90,BR,1611944721,70,-3.175,-41.8669,86.0,9.22,2021-01-29 18:25:21
Takaungu,20,KE,1611944721,78,-3.6837,39.8566,80.6,13.8,2021-01-29 18:25:21
Cabo San Lucas,20,MX,1611944644,60,22.8909,-109.9124,77.0,11.5,2021-01-29 18:24:04
Mingshui,3,CN,1611944721,56,36.7167,117.5,43.0,4.81,2021-01-29 18:25:21
Stephenville,1,US,1611944722,51,32.2207,-98.2023,59.0,10.36,2021-01-29 18:25:22
Makarska,75,HR,1611944722,93,43.2969,17.0178,50.0,9.22,2021-01-29 18:25:22
Steinbach am Taunus,40,DE,1611944722,76,50.1667,8.5667,48.99,12.66,2021-01-29 18:25:22
Itatiaia,100,BR,1611944722,54,-22.4961,-44.5633,87.64,1.92,2021-01-29 18:25:22
Chamba,0,IN,1611944723,43,32.5667,76.1333,44.82,10.07,2021-01-29 18:25:23
Dubrovnik,75,HR,1611944723,93,42.6481,18.0922,48.2,16.11,2021-01-29 18:25:23
Airai,100,TL,1611944723,100,-8.9266,125.4092,62.01,4.45,2021-01-29 18:25:23
Kirakira,100,SB,1611944723,81,-10.4544,161.9205,81.68,16.75,2021-01-29 18:25:23
Esperance,1,AU,1611944723,88,-33.8667,121.9,57.2,5.75,2021-01-29 18:25:23
Verkhnyaya Inta,60,RU,1611944724,82,65.9811,60.3094,-15.07,12.86,2021-01-29 18:25:24
San Lazaro,90,BZ,1611944724,73,18.0387,-88.6622,78.8,8.05,2021-01-29 18:25:24
Marawi,100,PH,1611944724,93,7.9986,124.2928,73.99,5.01,2021-01-29 18:25:24
Seybaplaya,75,MX,1611944724,50,19.65,-90.6667,80.6,11.5,2021-01-29 18:25:24
Tabuk,90,PH,1611944725,90,17.4189,121.4443,63.66,7.87,2021-01-29 18:25:25
Rome,1,US,1611944724,57,43.2128,-75.4557,12.99,10.36,2021-01-29 18:25:24
Caravelas,0,BR,1611944726,56,-17.7125,-39.2481,85.14,10.25,2021-01-29 18:25:26
Māndal,0,IN,1611944726,39,25.45,74.5667,53.4,3.44,2021-01-29 18:25:26
Shimoda,0,JP,1611944726,67,34.6667,138.95,30.0,3.0,2021-01-29 18:25:26
Vallenar,1,CL,1611944727,27,-28.5708,-70.7581,85.6,10.47,2021-01-29 18:25:27
Coahuayana Viejo,40,MX,1611944727,45,18.7333,-103.6833,84.2,5.75,2021-01-29 18:25:27
Naze,65,JP,1611944727,73,28.3667,129.4833,48.69,14.07,2021-01-29 18:25:27
Desaguadero,3,PE,1611944727,39,-16.5656,-69.0417,57.07,10.33,2021-01-29 18:25:27
Kampong Chhnang,84,KH,1611944728,58,12.1667,104.55,72.9,4.45,2021-01-29 18:25:28
Sorada,50,IN,1611944728,80,19.75,84.4333,69.44,1.34,2021-01-29 18:25:28
Murgab,0,TM,1611944728,61,37.4966,61.9714,44.6,9.22,2021-01-29 18:25:28
Nouadhibou,0,MR,1611944729,53,20.931,-17.0347,75.2,12.66,2021-01-29 18:25:29
General Roca,40,AR,1611944729,68,-39.0333,-67.5833,68.0,8.05,2021-01-29 18:25:29
Cabedelo,40,BR,1611944518,66,-6.9811,-34.8339,86.0,13.8,2021-01-29 18:21:58
Sovetskiy,99,RU,1611944729,87,61.3614,63.5842,-15.47,6.33,2021-01-29 18:25:29
Aquidauana,96,BR,1611944729,69,-20.4711,-55.7872,82.78,10.87,2021-01-29 18:25:29
Lianzhou,4,CN,1611944730,45,24.7811,112.3825,50.83,0.87,2021-01-29 18:25:30
Barra do Garças,40,BR,1611944730,58,-15.89,-52.2567,89.6,4.0,2021-01-29 18:25:30
Ostrovnoy,100,RU,1611944730,94,68.0531,39.5131,5.47,16.58,2021-01-29 18:25:30
Ust'-Karsk,96,RU,1611944731,81,52.7011,118.8077,-28.07,0.81,2021-01-29 18:25:31
Bowen,40,AU,1611944731,88,-20.0167,148.2333,73.4,8.05,2021-01-29 18:25:31
Portland,90,US,1611944284,87,45.5234,-122.6762,43.0,8.05,2021-01-29 18:18:04
Jiujiang,80,CN,1611944732,54,29.7333,115.9833,46.94,0.36,2021-01-29 18:25:32
San Ignacio,75,BZ,1611944732,78,17.1561,-89.0714,77.0,4.61,2021-01-29 18:25:32
Hofn,0,IS,1611944732,74,64.2539,-15.2082,26.6,4.61,2021-01-29 18:25:32
Port Keats,95,AU,1611944733,84,-14.25,129.55,80.62,13.0,2021-01-29 18:25:33
Batticaloa,100,LK,1611944712,89,7.7102,81.6924,75.94,5.28,2021-01-29 18:25:12
Salinópolis,43,BR,1611944733,73,-0.6136,-47.3561,83.73,13.96,2021-01-29 18:25:33
Daru,99,PG,1611944733,88,-9.0763,143.2092,77.99,14.2,2021-01-29 18:25:33
Harper,51,LR,1611944734,80,4.375,-7.7169,80.46,5.86,2021-01-29 18:25:34
Pedernales,2,DO,1611944734,59,18.0384,-71.744,79.95,6.26,2021-01-29 18:25:34
College,75,US,1611944734,71,64.8569,-147.8028,1.99,3.44,2021-01-29 18:25:34
Ucluelet,75,CA,1611944732,93,48.9329,-125.5528,43.0,11.5,2021-01-29 18:25:32
Mazyr,96,BY,1611944735,96,52.0495,29.2456,24.87,11.01,2021-01-29 18:25:35
Ranong,99,TH,1611944735,85,9.9658,98.6348,75.58,4.23,2021-01-29 18:25:35
Khani,90,GE,1611944736,100,41.9563,42.9566,42.8,2.3,2021-01-29 18:25:36
Béré,31,TD,1611944736,14,9.3202,16.1552,85.1,3.74,2021-01-29 18:25:36
Dingle,92,PH,1611944736,88,10.9995,122.6711,73.83,11.63,2021-01-29 18:25:36
Jambi City,100,ID,1611944737,93,-1.6,103.6167,74.16,3.29,2021-01-29 18:25:37
Luwuk,94,ID,1611944737,66,-0.9516,122.7875,77.38,4.61,2021-01-29 18:25:37
Buchanan,40,LR,1611944737,74,5.8808,-10.0467,86.0,6.91,2021-01-29 18:25:37
Poum,40,NC,1611944737,77,-20.2333,164.0167,78.94,14.36,2021-01-29 18:25:37
Rajshahi,6,BD,1611944592,39,24.3667,88.6,59.74,6.51,2021-01-29 18:23:12
Shenjiamen,0,CN,1611944738,65,29.9576,122.298,43.09,10.2,2021-01-29 18:25:38
Sainte-Anne-des-Monts,100,CA,1611944738,67,49.124,-66.4924,12.2,9.22,2021-01-29 18:25:38
Abhar,47,IR,1611944739,75,36.1468,49.218,38.61,3.31,2021-01-29 18:25:39
Ilulissat,1,GL,1611944739,55,69.2167,-51.1,-0.4,5.75,2021-01-29 18:25:39
Basco,95,PH,1611944739,74,20.4487,121.9702,68.34,26.06,2021-01-29 18:25:39
Kamina,86,CD,1611944740,91,-8.7386,24.9906,67.86,1.05,2021-01-29 18:25:40
Olmos,59,PE,1611944740,46,-5.9847,-79.7453,87.85,9.64,2021-01-29 18:25:40
Vila Franca do Campo,20,PT,1611944740,82,37.7167,-25.4333,60.8,10.36,2021-01-29 18:25:40
Rāzole,64,IN,1611944583,91,16.4833,81.8333,69.31,2.57,2021-01-29 18:23:03
Klaksvík,75,FO,1611944741,64,62.2266,-6.589,32.0,10.36,2021-01-29 18:25:41
Bonavista,100,CA,1611944741,86,48.6499,-53.1147,28.0,6.91,2021-01-29 18:25:41
Santa Rosa,40,PH,1611944741,69,14.3122,121.1114,77.0,4.61,2021-01-29 18:25:41
Cabcab,95,PH,1611944742,79,13.6268,124.0515,76.5,22.06,2021-01-29 18:25:42
Gazli,8,UZ,1611944742,48,40.1333,63.45,46.99,11.07,2021-01-29 18:25:42
Nokia,40,FI,1611944742,93,61.4667,23.5,18.0,8.05,2021-01-29 18:25:42
Batagay-Alyta,89,RU,1611944742,79,67.8006,130.4114,-35.16,1.57,2021-01-29 18:25:42
George,0,ZA,1611944743,72,-33.963,22.4617,64.4,4.61,2021-01-29 18:25:43
Jagatsinghapur,10,IN,1611944743,83,20.2667,86.1667,68.0,3.51,2021-01-29 18:25:43
Maningrida,99,AU,1611944743,90,-12.0667,134.2667,76.89,5.32,2021-01-29 18:25:43
Boca do Acre,100,BR,1611944744,66,-8.7522,-67.3978,84.61,2.77,2021-01-29 18:25:44
Matehuala,26,MX,1611944744,40,23.65,-100.65,62.98,9.44,2021-01-29 18:25:44
Kiryat Gat,53,IL,1611944521,100,31.61,34.7642,55.0,12.68,2021-01-29 18:22:01
Hervey Bay,18,AU,1611944744,83,-25.2986,152.8535,75.0,1.01,2021-01-29 18:25:44
São João da Barra,20,BR,1611944744,55,-21.6403,-41.0511,87.8,20.71,2021-01-29 18:25:44
Ust-Tsilma,99,RU,1611944745,87,65.441,52.1498,-11.92,8.77,2021-01-29 18:25:45
Del Rio,90,US,1611944657,87,29.3627,-100.8968,53.6,9.22,2021-01-29 18:24:17
Kilindoni,25,TZ,1611944745,78,-7.9139,39.6668,82.31,16.82,2021-01-29 18:25:45
Río Cuarto,40,AR,1611944745,53,-33.1307,-64.3499,78.8,17.27,2021-01-29 18:25:45
Atar,0,MR,1611944746,13,20.5169,-13.0499,84.07,10.42,2021-01-29 18:25:46
Moranbah,46,AU,1611944746,92,-22.0016,148.0466,67.08,9.19,2021-01-29 18:25:46
Kumul,0,CN,1611944746,83,42.8,93.45,21.29,3.62,2021-01-29 18:25:46
Flinders,100,AU,1611944746,98,-34.5833,150.8552,71.01,5.01,2021-01-29 18:25:46
Romny,91,UA,1611944747,96,50.751,33.4747,27.43,11.65,2021-01-29 18:25:47
Salamiyah,36,SY,1611944747,66,35.0113,37.0532,42.57,13.42,2021-01-29 18:25:47
Grafton,1,US,1611944748,48,42.207,-71.6856,16.0,25.32,2021-01-29 18:25:48
Bulgan,84,MN,1611944649,86,48.8125,103.5347,17.91,11.7,2021-01-29 18:24:09
Asău,20,RO,1611944748,70,46.4333,26.4,39.2,10.36,2021-01-29 18:25:48
Iskateley,100,RU,1611944470,85,67.6803,53.1512,-17.28,12.21,2021-01-29 18:21:10
Bobrovskiy,0,RU,1611944749,79,56.6732,60.9807,14.0,8.95,2021-01-29 18:25:49
Kempten (Allgäu),99,DE,1611944629,88,47.7267,10.3139,37.99,14.09,2021-01-29 18:23:49
Nizwá,5,OM,1611944749,34,22.9333,57.5333,60.4,3.91,2021-01-29 18:25:49
Zhigansk,57,RU,1611944750,76,66.7697,123.3711,-45.9,11.05,2021-01-29 18:25:50
San Fernando,75,PH,1611944750,78,15.0286,120.6898,69.8,4.61,2021-01-29 18:25:50
Kon Tum,32,VN,1611944475,88,14.35,108.0,56.59,3.09,2021-01-29 18:21:15
Jardim,99,BR,1611944751,67,-21.4803,-56.1381,83.19,12.21,2021-01-29 18:25:51
Necochea,82,AR,1611944751,48,-38.5473,-58.7368,78.01,12.62,2021-01-29 18:25:51
Bridlington,36,GB,1611944751,89,54.0831,-0.1919,39.99,8.01,2021-01-29 18:25:51
Andenes,75,NO,1611944751,68,69.3143,16.1194,21.2,4.61,2021-01-29 18:25:51
Divnomorskoye,81,RU,1611944752,64,44.5011,38.1353,43.27,16.13,2021-01-29 18:25:52
Acaraú,99,BR,1611944752,67,-2.8856,-40.12,83.57,16.37,2021-01-29 18:25:52
Zhaotong,98,CN,1611944752,81,27.3167,103.7167,37.83,7.9,2021-01-29 18:25:52
Maamba,100,ZM,1611944752,91,-17.3667,27.15,70.81,0.83,2021-01-29 18:25:52
Soure,96,BR,1611944753,83,-0.7167,-48.5233,81.77,12.95,2021-01-29 18:25:53
Gillette,1,US,1611944753,31,44.2911,-105.5022,48.0,23.02,2021-01-29 18:25:53
Gimbi,45,ET,1611944753,33,9.1667,35.8333,63.79,2.39,2021-01-29 18:25:53
Ciudad Real,1,ES,1611944754,70,39.0,-4.0,60.01,7.63,2021-01-29 18:25:54
Yeppoon,3,AU,1611944754,78,-23.1333,150.7333,73.4,5.75,2021-01-29 18:25:54
Vohibinany,28,MG,1611944586,89,-17.35,49.0333,73.62,0.56,2021-01-29 18:23:06
Saint-Augustin,0,CA,1611944755,90,51.226,-58.6502,21.56,11.61,2021-01-29 18:25:55
Rimbey,35,CA,1611944755,71,52.6334,-114.2353,5.0,1.14,2021-01-29 18:25:55
Saskatoon,75,CA,1611944527,85,52.1168,-106.6345,10.4,5.75,2021-01-29 18:22:07
Tura,0,IN,1611944756,52,25.5198,90.2201,58.62,1.92,2021-01-29 18:25:56
Moura,90,PT,1611944756,94,38.1401,-7.4486,55.4,3.44,2021-01-29 18:25:56
Vardø,75,NO,1611944756,93,70.3705,31.1107,21.2,16.11,2021-01-29 18:25:56
Peterhead,20,GB,1611944756,80,57.5058,-1.7981,39.99,3.44,2021-01-29 18:25:56
Piranshahr,97,IR,1611944757,90,36.701,45.1413,33.84,2.04,2021-01-29 18:25:57
Jacareacanga,20,BR,1611944757,70,-6.2222,-57.7528,86.0,4.61,2021-01-29 18:25:57
Havre-St-Pierre,1,CA,1611944757,53,50.2334,-63.5986,17.6,6.91,2021-01-29 18:25:57
Minzhu,100,CN,1611944757,89,43.7286,127.3447,-6.16,0.92,2021-01-29 18:25:57
Mountain Home,90,US,1611944758,100,43.133,-115.6912,39.2,4.97,2021-01-29 18:25:58
Camacha,75,PT,1611944758,77,33.0833,-16.3333,62.6,12.66,2021-01-29 18:25:58
Ust'-Uda,100,RU,1611944759,89,54.1742,103.0304,-9.18,3.83,2021-01-29 18:25:59
Hamilton,90,US,1611944603,64,39.1834,-84.5333,30.99,3.44,2021-01-29 18:23:23
Cabadiangan,91,PH,1611944760,85,9.7531,122.4739,75.76,10.74,2021-01-29 18:26:00
Qurayyat,75,SA,1611944760,53,31.3318,37.3428,46.4,11.5,2021-01-29 18:26:00
Boralday,20,KZ,1611944760,85,43.3578,76.8594,12.2,4.47,2021-01-29 18:26:00
Marzuq,0,YE,1611944761,58,14.4,46.4667,60.85,5.75,2021-01-29 18:26:01
Rovaniemi,100,FI,1611944761,92,66.5,25.7167,12.2,10.36,2021-01-29 18:26:01
Korla,0,CN,1611944761,82,41.7597,86.1469,23.54,3.04,2021-01-29 18:26:01
Saurimo,80,AO,1611944762,87,-9.6608,20.3916,68.76,2.46,2021-01-29 18:26:02
Talcahuano,90,CL,1611944762,100,-36.7167,-73.1167,59.0,14.97,2021-01-29 18:26:02
Tucupita,52,VE,1611944762,59,9.0622,-62.051,85.1,4.54,2021-01-29 18:26:02
Hastings,11,GB,1611944663,74,50.8552,0.5729,48.99,3.0,2021-01-29 18:24:23
Aykhal,46,RU,1611944763,80,66.0,111.5,-35.95,6.42,2021-01-29 18:26:03
Dārayyā,40,SY,1611944764,75,33.459,36.2374,42.8,13.8,2021-01-29 18:26:04
Bereda,100,ES,1611944764,81,43.2686,-7.5406,57.0,20.0,2021-01-29 18:26:04
Chernyshevskiy,72,RU,1611944764,81,63.0128,112.4714,-45.0,2.57,2021-01-29 18:26:04
Port Maria,32,JM,1611944765,86,18.3685,-76.8895,84.99,8.99,2021-01-29 18:26:05
Fort Frances,40,CA,1611944765,73,48.5999,-93.4003,19.4,9.22,2021-01-29 18:26:05
Lucapa,75,AO,1611944765,92,-8.4192,20.7447,68.74,1.61,2021-01-29 18:26:05
Santa Fe,20,AR,1611944640,31,-31.6333,-60.7,91.81,5.19,2021-01-29 18:24:00
Atlantic City,20,US,1611944766,31,39.3643,-74.4229,28.4,32.21,2021-01-29 18:26:06
Gayny,100,RU,1611944766,97,60.3071,54.3241,25.68,9.64,2021-01-29 18:26:06
Cayenne,75,GF,1611944767,83,4.9333,-52.3333,82.4,14.97,2021-01-29 18:26:07
Vilhena,75,BR,1611944767,74,-12.7406,-60.1458,80.6,11.5,2021-01-29 18:26:07
Manta,20,EC,1611944767,70,-0.95,-80.7333,86.0,3.44,2021-01-29 18:26:07
Codrington,57,AU,1611944768,81,-38.2667,141.9667,60.21,13.04,2021-01-29 18:26:08
Phetchaburi,90,TH,1611944768,99,12.9667,99.5833,73.0,2.17,2021-01-29 18:26:08
Plattling,92,DE,1611944768,88,48.7833,12.8667,42.01,12.82,2021-01-29 18:26:08
Chara,100,RU,1611944768,77,56.9064,118.2631,-34.83,0.81,2021-01-29 18:26:08
Turukhansk,100,RU,1611944769,78,65.8167,87.9833,-28.82,6.42,2021-01-29 18:26:09
Stuttgart,40,DE,1611944675,87,48.7823,9.177,45.0,5.75,2021-01-29 18:24:35
Keningau,20,MY,1611944606,94,5.3378,116.1602,75.2,2.3,2021-01-29 18:23:26
Quatre Cocos,75,MU,1611944770,78,-20.2078,57.7625,81.0,11.5,2021-01-29 18:26:10
Businga,88,CD,1611944770,82,3.3333,20.8833,73.99,0.74,2021-01-29 18:26:10
Thenzawl,0,IN,1611944770,54,23.3167,92.75,48.13,1.99,2021-01-29 18:26:10
Bonga,60,ET,1611944770,55,7.2833,36.2333,66.79,0.4,2021-01-29 18:26:10
Kingston,20,JM,1611944771,45,17.997,-76.7936,89.6,4.61,2021-01-29 18:26:11
Nizhniy Baskunchak,68,RU,1611944771,94,48.2198,46.8311,32.76,3.6,2021-01-29 18:26:11
Magole,88,TZ,1611944711,91,-6.3667,37.3667,73.09,4.16,2021-01-29 18:25:11
Nan,47,TH,1611944772,64,18.8333,100.6667,69.13,1.25,2021-01-29 18:26:12
Tilichiki,98,RU,1611944772,92,60.4667,166.1,-6.25,9.24,2021-01-29 18:26:12
Kyzyl-Suu,0,KG,1611944772,69,42.3414,78.0056,20.12,9.78,2021-01-29 18:26:12
Sergeevka,56,KZ,1611944772,93,53.88,67.4158,16.68,9.62,2021-01-29 18:26:12
Cap Malheureux,0,MU,1611944773,78,-19.9842,57.6142,81.0,5.99,2021-01-29 18:26:13
Mwinilunga,100,ZM,1611944773,91,-11.7358,24.4293,65.84,2.82,2021-01-29 18:26:13
Mweka,91,CD,1611944773,65,-4.85,21.5667,78.22,0.96,2021-01-29 18:26:13
Khanbari,14,NP,1611944774,59,27.3747,87.2039,47.48,3.94,2021-01-29 18:26:14
Kang,88,BW,1611944774,89,-23.6752,22.7876,69.31,10.76,2021-01-29 18:26:14
Punta Umbría,18,ES,1611944774,84,37.1821,-6.9661,59.0,3.0,2021-01-29 18:26:14
Sühbaatar,100,MN,1611944774,89,50.2314,106.2078,-3.87,3.27,2021-01-29 18:26:14
Scituate,20,US,1611944775,49,42.1959,-70.7259,18.0,10.36,2021-01-29 18:26:15
Isawa,1,JP,1611944655,68,35.65,138.6333,25.0,3.89,2021-01-29 18:24:15
